#,Sampling event ID,Longitude (degrees),Latitude (degrees),Sampling type,Midpoint Estimate (# km-2),Midpoint Estimate (g km-2),Lower Estimate (# km-2),Lower Estimate  (g km-2),Higher Estimate (# km-2),Higher Estimate (g km-2),Raw Data (# km-2),Raw data (g km-2)
1,0.0,-128.7975,33.1864,Manta trawl,177178.72,307.59,129064.86,254.94,268719.26,414.38,122670.44,250.20
2,1.1,-134.0445,29.0723,Manta trawl,169252.30,830.75,102783.62,531.27,375755.63,1685.56,375755.63,365.33
3,1.2,-134.0430,29.0721,Manta trawl,203404.28,909.58,125322.61,587.93,461688.33,1849.94,461688.33,412.14
4,2.1,-134.5580,29.0570,Manta trawl,794231.17,2696.32,484968.80,1672.57,1402669.98,4430.56,1402669.98,488.88
5,2.2,-134.5405,29.0557,Manta trawl,457907.18,1622.64,279345.83,1004.94,805988.74,2659.25,805988.74,296.94
6,3.1,-135.1045,29.0093,Manta trawl,472954.53,3638.35,290840.86,2261.86,819224.20,5971.98,819224.20,672.47
7,3.2,-135.1075,29.0090,Manta trawl,794435.56,3613.97,487225.54,2244.33,1408011.98,5932.05,1408011.98,669.56
8,4.1,-135.6835,28.9908,Manta trawl,163060.96,1135.04,102506.53,741.59,360233.86,2266.12,360233.86,534.83
9,4.2,-135.6800,28.9913,Manta trawl,174411.59,1395.45,109581.34,912.52,378496.30,2779.63,378496.30,659.76
10,5.1,-136.2550,29.0080,Manta trawl,171966.18,745.83,106201.51,486.27,396107.45,1498.13,396107.45,348.36
11,5.2,-136.2595,29.0082,Manta trawl,163808.44,1042.82,102854.28,677.52,362737.35,2082.31,362737.35,483.51
12,6.1,-136.8455,29.0071,Manta trawl,179137.99,1644.03,113368.03,1076.43,387303.18,3273.80,387303.18,780.13
13,6.2,-136.8435,29.0073,Manta trawl,174304.54,1283.11,108086.29,829.61,382235.82,2554.15,382235.82,587.61
14,7.1,-137.4510,29.0077,Manta trawl,163398.09,1740.64,103768.96,1145.62,345446.77,3447.46,345446.77,839.79
15,7.2,-137.4495,29.0080,Manta trawl,143878.21,1489.33,91101.41,974.92,308158.65,2952.12,308158.65,707.55
16,8.1,-138.0320,29.0009,Manta trawl,161818.74,1214.64,101566.99,792.94,355711.26,2428.79,355711.26,570.58
17,8.2,-138.0285,29.0012,Manta trawl,141597.76,1054.93,88762.39,688.16,315163.82,2111.31,315163.82,494.33
18,9.1,-138.5655,29.0000,Manta trawl,233931.63,1409.05,143237.96,912.40,514168.43,2832.88,514168.43,645.32
19,9.2,-138.5675,29.0001,Manta trawl,172800.71,1111.59,108245.24,722.22,381669.57,2233.44,381669.57,514.15
20,10.1,-139.1675,29.0003,Manta trawl,281903.78,1780.60,176332.69,1155.83,618791.82,3578.87,618791.82,821.32
21,10.2,-139.1630,29.0010,Manta trawl,258346.61,1898.63,162619.53,1233.23,566633.12,3810.88,566633.12,878.04
22,11.1,-139.8145,29.0184,Manta trawl,161389.42,644.97,100362.48,421.49,356275.56,1292.57,356275.56,303.51
23,11.2,-139.8130,29.0100,Manta trawl,167100.55,476.62,103137.35,310.50,380205.34,957.40,380205.34,222.07
24,12.1,-140.4615,28.9996,Manta trawl,175554.27,974.14,110394.15,634.86,381047.53,1949.70,381047.53,455.21
25,12.2,-140.4580,28.9997,Manta trawl,144670.93,788.33,90099.14,514.92,317573.45,1579.43,317573.45,370.67
26,13.1,-141.0635,29.0000,Manta trawl,138392.31,546.10,104532.41,462.26,206922.19,726.37,206922.19,455.57
27,13.2,-141.0615,28.9999,Manta trawl,115046.05,434.39,86279.46,367.14,172052.08,578.42,172052.08,361.73
28,14.1,-141.6090,29.0009,Manta trawl,794150.17,2563.18,478377.25,1637.16,1837450.41,5299.11,1837450.41,1113.12
29,14.2,-141.6045,29.0008,Manta trawl,776561.27,2507.99,467967.05,1602.19,1797176.96,5185.08,1797176.96,1089.67
30,15.1,-142.3060,29.0060,Manta trawl,528310.75,2195.54,324727.63,1417.80,1230880.69,4515.63,1230880.69,986.51
31,15.2,-142.3050,29.0062,Manta trawl,505824.06,2198.23,311302.92,1420.80,1180232.63,4528.70,1180232.63,989.32
32,16.1,-142.9730,29.0064,Manta trawl,356342.62,1500.38,217338.02,963.13,829164.83,3100.89,829164.83,661.09
33,16.2,-142.9710,29.0067,Manta trawl,277698.85,1107.00,170750.88,717.06,647569.33,2276.61,647569.33,501.70
34,17.1,-143.5405,28.9896,Manta trawl,94109.64,518.68,73743.28,447.01,134395.24,676.38,134395.24,442.25
35,17.2,-143.5385,28.9900,Manta trawl,64729.39,353.88,49675.73,304.25,92543.51,462.23,92543.51,300.89
36,18.1,-142.7235,30.0197,Manta trawl,525746.49,4738.44,335451.74,3076.05,1110837.60,9470.42,1110837.60,2191.89
37,18.2,-142.7260,30.0187,Manta trawl,1049634.18,6761.49,659550.46,4399.83,2312825.45,13528.39,2312825.45,3147.14
38,19.1,-142.2708,30.0076,Manta trawl,1085103.57,7805.56,680117.04,5071.02,2378888.86,15664.06,2378888.86,3611.62
39,19.2,-142.2760,30.0065,Manta trawl,1467760.18,11666.67,922718.67,7598.76,3207800.66,23372.96,3207800.66,5441.03
40,20.1,-141.7760,29.9973,Manta trawl,1071376.43,4754.01,664051.64,3096.91,2430617.67,9586.65,2430617.67,2210.90
41,20.2,-141.7755,29.9952,Manta trawl,1276556.20,7361.98,789908.81,4806.04,2855559.96,14761.04,2855559.96,3453.76
42,21.1,-141.3550,30.0026,Manta trawl,1171922.69,4277.72,728209.21,2780.49,2646493.02,8642.11,2646493.02,1975.24
43,21.2,-141.3580,30.0025,Manta trawl,1268692.67,5664.61,781331.06,3678.90,2917786.18,11426.05,2917786.18,2612.03
44,22.1,-140.8130,30.0020,Manta trawl,542880.05,1348.32,411360.26,1132.86,795231.52,1796.78,795231.52,1114.59
45,22.2,-140.8130,30.0009,Manta trawl,687687.40,2220.66,517351.05,1876.11,1024467.44,2949.11,1024467.44,1848.62
46,24.1,-139.8340,29.9813,Manta trawl,2182038.92,2701.12,1541890.82,2191.02,3343400.71,3703.15,3343400.71,2137.13
47,24.2,-139.8355,29.9811,Manta trawl,2460702.63,3624.45,1714878.39,2934.90,3739323.56,4987.63,3739323.56,2860.68
48,25.1,-139.3520,29.9984,Manta trawl,2485285.96,3126.05,2474787.74,3120.61,2697048.42,3236.59,2697048.42,3120.61
49,25.2,-139.3560,29.9987,Manta trawl,2351401.67,2910.23,2340740.74,2903.22,2554685.33,3020.18,2554685.33,2903.22
50,26.1,-138.7765,30.0006,Manta trawl,831221.30,1862.59,613388.53,1553.70,1250206.30,2505.93,1250206.30,1526.55
51,26.2,-138.7795,30.0004,Manta trawl,1067036.85,2197.98,785665.45,1832.71,1596181.49,2959.67,1596181.49,1801.45
52,27.1,-138.2375,29.9874,Manta trawl,549882.99,2576.21,431022.33,2191.38,791998.11,3404.12,791998.11,2162.92
53,27.2,-138.2435,29.9872,Manta trawl,659170.37,3365.76,517106.51,2867.62,941835.76,4430.62,941835.76,2831.04
54,28.1,-137.7505,29.9997,Manta trawl,2182499.83,4008.65,1326830.04,2470.18,3886020.02,6648.49,3886020.02,677.42
55,28.2,-137.7520,29.9990,Manta trawl,2179018.60,4663.42,1321816.23,2878.89,3854021.26,7727.77,3854021.26,798.70
56,29.1,-137.3040,30.0007,Manta trawl,340408.28,1236.68,250337.17,1048.30,505353.80,1633.49,505353.80,1033.50
57,29.2,-137.3055,30.0000,Manta trawl,325987.76,1390.26,248437.73,1194.44,477873.01,1815.95,477873.01,1180.41
58,30.1,-136.6595,30.0031,Manta trawl,695720.43,2821.81,428811.41,1825.16,1608960.05,5738.29,1608960.05,1281.10
59,30.2,-136.6620,30.0031,Manta trawl,823857.78,3197.97,506295.20,2068.49,1893792.52,6495.06,1893792.52,1452.67
60,31.1,-136.0735,29.9991,Manta trawl,542348.45,1841.15,408543.39,1561.67,802474.50,2435.46,802474.50,1540.32
61,31.2,-136.0760,29.9990,Manta trawl,474172.55,2242.73,362462.55,1909.77,695072.00,2960.62,695072.00,1885.75
62,32.1,-135.4865,30.0177,Manta trawl,2187011.09,2709.74,1537699.59,2229.89,3356714.77,3664.01,3356714.77,2182.51
63,32.2,-135.4890,30.0176,Manta trawl,2183560.23,3406.04,1532375.32,2850.98,3329650.59,4540.82,3329650.59,2800.51
64,33.1,-134.8990,30.0044,Manta trawl,1256428.97,1137.18,900974.57,923.33,1951612.79,1562.89,1951612.79,901.13
65,33.2,-134.9015,30.0042,Manta trawl,599275.05,741.44,425259.58,615.80,926783.68,998.90,926783.68,604.14
66,34.1,-134.2800,30.0025,Manta trawl,1123202.51,1400.49,789830.58,1118.24,1731815.30,1961.48,1731815.30,1087.11
67,34.2,-134.2835,30.0025,Manta trawl,1288953.57,1671.18,906308.50,1339.01,1989603.57,2335.21,1989603.57,1302.92
68,35.1,-134.2500,31.0000,Manta trawl,1614641.84,2094.40,1591655.55,2088.84,1789918.93,2159.36,1789918.93,2088.84
69,35.2,-134.2500,31.0000,Manta trawl,1157376.43,1711.97,1143619.42,1707.19,1275541.13,1764.16,1275541.13,1707.19
70,36.1,-134.8375,30.9969,Manta trawl,488399.59,1148.76,486882.38,1147.83,527214.09,1168.31,527214.09,1147.83
71,36.2,-134.8350,30.9970,Manta trawl,209495.81,701.09,208618.51,700.34,225345.86,714.71,225345.86,700.34
72,37.1,-135.4060,30.9997,Manta trawl,230371.96,1038.51,174914.72,885.97,336448.67,1362.81,336448.67,874.29
73,37.2,-135.4030,30.9999,Manta trawl,162290.02,716.79,122880.81,611.03,237314.04,941.92,237314.04,602.99
74,38.1,-135.9415,30.9999,Manta trawl,416468.74,1887.87,253600.85,1222.78,941724.72,3806.66,941724.72,864.21
75,38.2,-135.9385,31.0012,Manta trawl,282109.95,1361.67,174350.03,884.01,644083.02,2736.20,644083.02,628.31
76,39.1,-136.3195,30.9882,Manta trawl,669358.02,3054.41,409357.61,1977.33,1519579.91,6188.82,1519579.91,1392.74
77,39.2,-136.3185,30.9983,Manta trawl,376108.93,1621.98,231031.92,1042.64,861956.64,3303.59,861956.64,723.04
78,41.1,-137.3730,30.9818,Manta trawl,954938.47,6324.97,595947.73,4117.14,2068168.46,12655.95,2068168.46,2946.69
79,41.2,-137.3710,30.9837,Manta trawl,759142.77,4594.96,475340.90,2983.93,1651120.27,9201.48,1651120.27,2125.43
80,42.1,-137.8980,30.9977,Manta trawl,677820.46,2334.90,418255.73,1501.24,1546838.63,4818.88,1546838.63,1034.18
81,42.2,-137.8950,30.9981,Manta trawl,804216.65,2362.50,493463.84,1509.59,1848763.35,4880.82,1848763.35,1027.08
82,43.1,-138.4820,31.0068,Manta trawl,757101.20,2508.06,496277.37,1627.86,1598889.47,5058.26,1598889.47,1154.53
83,43.2,-138.4800,31.0080,Manta trawl,884977.48,2139.81,568929.62,1387.16,1953377.50,4369.25,1953377.50,975.49
84,44.1,-139.0185,31.0013,Manta trawl,790318.96,4973.49,496890.53,3245.32,1724769.05,9953.73,1724769.05,2332.27
85,44.2,-139.0170,31.0030,Manta trawl,585449.17,3577.36,366037.69,2331.47,1277786.98,7161.99,1277786.98,1671.62
86,45.1,-139.5495,30.9940,Manta trawl,1158257.85,7788.16,719502.23,5056.11,2515085.69,15647.16,2515085.69,3594.62
87,45.2,-139.5495,30.9940,Manta trawl,1194694.21,7581.60,751275.61,4936.33,2635133.83,15251.28,2635133.83,3524.99
88,46.1,-140.0740,31.0054,Manta trawl,765082.00,4179.16,476561.48,2708.20,1694902.86,8418.06,1694902.86,1916.48
89,46.2,-140.0705,31.0077,Manta trawl,700463.60,3914.30,435076.26,2540.31,1544119.22,7870.30,1544119.22,1804.09
90,47.1,-140.6145,31.0002,Manta trawl,1164450.49,3001.13,713632.59,1930.55,2660506.92,6131.82,2660506.92,1337.98
91,47.2,-140.6120,31.0013,Manta trawl,1322867.11,4103.39,816547.13,2650.80,3023087.73,8362.28,3023087.73,1854.34
92,48.1,-141.2415,30.9831,Manta trawl,719292.14,2857.39,544717.03,2423.16,1036817.46,3777.88,1036817.46,2389.62
93,48.2,-141.2390,30.9853,Manta trawl,820767.83,3842.54,640183.07,3262.64,1182111.81,5077.04,1182111.81,3218.43
94,49.1,-141.8015,30.9974,Manta trawl,503562.93,2992.76,393403.95,2603.89,724220.25,3856.63,724220.25,2577.51
95,49.2,-141.8000,30.9905,Manta trawl,425100.42,2253.38,332452.07,1941.85,614913.39,2935.94,614913.39,1920.40
96,50.1,-142.3675,30.9987,Manta trawl,386925.69,1866.87,386159.61,1866.43,408984.56,1892.35,408984.56,1866.43
97,50.2,-142.3650,30.9988,Manta trawl,254915.61,1299.56,254550.08,1299.33,268178.99,1317.26,268178.99,1299.33
98,51.1,-142.8715,30.9899,Manta trawl,1177923.21,3060.45,852666.79,2556.50,1767138.26,4080.44,1767138.26,2509.01
99,51.2,-142.8710,30.9897,Manta trawl,1101694.50,2729.64,779337.88,2278.78,1684555.59,3646.11,1684555.59,2236.72
100,52.1,-143.2895,31.0033,Manta trawl,636256.26,1925.54,471055.01,1643.44,942224.76,2526.16,942224.76,1621.26
101,52.2,-143.2895,31.0030,Manta trawl,558236.22,1901.96,415635.86,1625.80,827447.68,2492.68,827447.68,1604.51
102,53.1,-143.8345,31.0017,Manta trawl,726207.08,2866.76,550495.92,2448.18,1063588.29,3768.14,1063588.29,2417.93
103,53.2,-143.8325,31.0004,Manta trawl,620932.11,2206.80,468530.78,1873.45,921655.25,2914.92,921655.25,1847.47
104,54.1,-143.6390,32.0234,Manta trawl,2126182.62,9322.67,1257535.45,5744.66,3538556.03,15206.03,3538556.03,1654.92
105,54.2,-143.6400,32.0186,Manta trawl,2143201.05,12637.49,1294466.38,7825.95,3621630.47,20680.50,3621630.47,2304.79
106,55.1,-143.1125,32.0039,Manta trawl,419080.62,3171.35,261251.13,2066.95,910199.90,6338.32,910199.90,1483.47
107,55.2,-143.1145,32.0031,Manta trawl,988001.52,6558.30,609215.86,4293.10,2184901.27,13057.58,2184901.27,3110.03
108,56.1,-142.5845,32.0002,Manta trawl,373355.50,2709.65,236502.33,1778.15,798705.68,5391.38,798705.68,1294.13
109,56.2,-142.5855,32.0006,Manta trawl,722730.01,4862.98,457644.74,3196.03,1569800.30,9684.25,1569800.30,2331.16
110,57.1,-142.0440,31.9984,Manta trawl,854183.14,5608.19,535373.70,3636.07,1859517.33,11295.04,1859517.33,2575.69
111,57.2,-142.0465,31.9977,Manta trawl,1635694.73,13172.15,1033510.14,8576.74,3517148.10,26353.85,3517148.10,6141.21
112,58.1,-141.5035,32.0121,Manta trawl,1521533.13,8337.36,949035.06,5413.72,3372286.16,16773.50,3372286.16,3847.15
113,58.2,-141.5065,32.0092,Manta trawl,1832453.23,9341.50,1137946.25,6057.04,4112219.02,18848.46,4112219.02,4287.25
114,60.1,-140.3480,32.0034,Manta trawl,830596.56,3146.75,510211.63,2025.02,1840333.36,6415.59,1840333.36,1406.08
115,60.2,-140.3510,32.0004,Manta trawl,1688079.27,5466.23,1050002.94,3513.26,3664804.14,11147.65,3664804.14,2433.38
116,61.1,-139.8385,31.9924,Manta trawl,513422.54,2382.32,393850.20,2032.05,748723.26,3136.17,748723.26,2006.89
117,61.2,-139.8400,31.9899,Manta trawl,985148.37,5049.87,742155.99,4324.38,1408311.12,6601.07,1408311.12,4271.34
118,62.1,-139.3210,32.0034,Manta trawl,4061995.73,7882.78,2442283.43,5008.77,9619896.22,16532.03,9619896.22,3343.69
119,62.2,-139.3150,32.0030,Manta trawl,4680358.49,8981.28,2798863.88,5705.96,11054595.40,18820.13,11054595.40,3810.91
120,63.1,-138.7920,32.0057,Manta trawl,1280850.11,2969.90,782581.39,1904.71,2965403.75,6139.69,2965403.75,1304.62
121,63.2,-138.7950,32.0033,Manta trawl,1877323.31,7124.38,1146154.96,4588.39,4226915.40,14453.79,4226915.40,3198.26
122,64.1,-138.2800,32.0023,Manta trawl,1065052.66,4965.27,660128.61,3206.50,2401775.68,10055.21,2401775.68,2248.81
123,64.2,-138.2815,32.0007,Manta trawl,1789735.11,8538.76,1111011.15,5521.38,4025756.38,17275.12,4025756.38,3883.52
124,65.1,-137.7680,31.9907,Manta trawl,845072.32,2501.61,520290.29,1592.28,1930779.16,5239.18,1930779.16,1068.03
125,65.2,-137.7710,31.9894,Manta trawl,1165065.39,4661.70,724449.90,3005.07,2622941.08,9580.08,2622941.08,2084.79
126,66.1,-137.2310,31.9954,Manta trawl,1363519.30,4899.78,836746.04,3144.95,3113980.39,10065.88,3113980.39,2164.36
127,66.2,-137.2390,31.9942,Manta trawl,1981193.17,9183.41,1224925.29,5935.73,4456451.44,18684.81,4456451.44,4159.89
128,67.1,-136.7001,32.0158,Manta trawl,530753.59,2227.54,416065.45,1894.43,762299.59,2946.33,762299.59,1870.39
129,67.2,-136.7001,32.0158,Manta trawl,1245307.25,7054.47,966497.97,6053.22,1786637.88,9221.60,1786637.88,5982.62
130,68.1,-136.1750,32.0011,Manta trawl,842709.51,4149.48,524607.75,2695.17,1894496.01,8370.42,1894496.01,1913.82
131,68.2,-136.1780,31.9995,Manta trawl,1298204.56,6907.31,811607.93,4509.77,2898635.82,13865.40,2898635.82,3239.69
132,69.1,-135.6520,31.9943,Manta trawl,911815.96,4066.10,563590.56,2623.85,2051969.46,8300.17,2051969.46,1830.24
133,69.2,-135.6530,31.9930,Manta trawl,2243614.89,10224.09,1374408.33,6638.09,5029031.55,20648.55,5029031.55,4707.74
134,70.1,-135.1200,32.0005,Manta trawl,991238.67,2906.36,608773.09,1871.48,2256843.65,5938.99,2256843.65,1299.52
135,70.2,-135.1255,31.9986,Manta trawl,1384739.90,5804.92,865326.83,3767.98,3068621.28,11712.95,3068621.28,2672.05
136,71.1,-134.6065,32.0059,Manta trawl,742140.26,2984.45,456795.61,1931.68,1685855.69,6078.52,1685855.69,1356.48
137,71.2,-134.6080,32.0050,Manta trawl,1497832.65,8788.57,933311.94,5721.09,3309310.26,17684.90,3309310.26,4083.55
138,72.1,-134.1295,33.0010,Manta trawl,2105658.57,7192.86,1280281.42,4451.13,3626164.88,11890.90,3626164.88,1254.62
139,72.2,-134.1260,33.0016,Manta trawl,1116939.80,3542.29,678076.69,2187.73,1937030.47,5837.94,1937030.47,622.80
140,73.1,-134.7215,33.0041,Manta trawl,3444526.18,7522.71,2089093.09,4646.64,6014317.20,12511.37,6014317.20,1278.75
141,73.2,-134.7210,33.0043,Manta trawl,2449403.92,5906.71,1491063.88,3652.70,4306000.82,9853.67,4306000.82,1007.00
142,74.1,-135.2855,32.9986,Manta trawl,584181.39,2434.46,362909.79,1579.30,1302197.19,4917.85,1302197.19,1118.11
143,74.2,-135.2840,33.0003,Manta trawl,469082.93,1913.11,289936.84,1233.92,1069503.91,3884.85,1069503.91,862.14
144,75.1,-136.8805,33.0024,Manta trawl,3316785.87,15476.45,2014861.60,9555.45,5695092.15,25379.42,5695092.15,2723.87
145,75.2,-136.8790,33.0038,Manta trawl,1986333.04,7622.50,1212469.85,4711.90,3482175.58,12566.38,3482175.58,1332.53
146,77.1,-138.0000,32.9911,Manta trawl,309741.36,2314.67,195956.26,1510.34,670123.66,4636.21,670123.66,1085.03
147,77.2,-137.9975,32.9923,Manta trawl,214965.47,1694.95,135495.35,1106.78,463880.56,3387.85,463880.56,796.80
148,78.1,-139.5635,32.9971,Manta trawl,780104.10,3682.91,475472.23,2280.23,1352367.67,6066.92,1352367.67,651.78
149,78.2,-139.5615,32.9987,Manta trawl,480187.59,1909.66,292095.97,1182.38,829295.96,3148.01,829295.96,338.34
150,79.1,-138.3200,33.7833,Manta trawl,1459485.05,5630.92,893714.90,3486.65,2547340.63,9332.35,2547340.63,979.87
151,79.2,-138.3215,33.7820,Manta trawl,2095701.20,5938.43,1278295.45,3671.29,3673064.14,9864.59,3673064.14,1016.73
152,81.0,-153.5682,34.8996,Manta trawl,390407.76,421.31,282016.70,341.06,602972.94,586.80,602972.94,332.97
153,82.0,-153.4934,34.9259,Manta trawl,283913.06,336.95,204293.83,272.24,436654.72,467.61,436654.72,265.61
154,83.0,-153.4273,34.9384,Manta trawl,263394.07,196.65,183774.01,153.31,403845.47,276.28,403845.47,147.89
155,84.0,-152.9525,34.9901,Manta trawl,572285.82,2080.39,350740.08,1348.66,1306728.62,4220.50,1306728.62,951.48
156,85.0,-152.8868,35.0002,Manta trawl,205947.31,846.42,155733.00,719.31,304505.40,1115.22,304505.40,709.44
157,86.0,-152.8238,35.0319,Manta trawl,135471.63,579.54,102399.48,498.74,199891.76,755.43,199891.76,492.78
158,87.0,-150.3978,36.0062,Manta trawl,187202.71,376.52,134311.95,310.45,280370.54,507.46,280370.54,303.72
159,88.0,-150.3133,36.0311,Manta trawl,175457.14,730.00,133411.72,622.05,255408.29,959.40,255408.29,613.73
160,89.0,-150.2306,36.0488,Manta trawl,131688.12,532.99,99448.07,452.95,194259.44,703.66,194259.44,446.58
161,90.0,-148.9400,36.4749,Manta trawl,288789.59,1026.96,218250.13,874.50,425745.32,1354.82,425745.32,862.10
162,91.0,-148.8748,36.4178,Manta trawl,502164.47,1355.29,374437.11,1140.14,748454.20,1810.07,748454.20,1122.02
163,92.0,-148.8195,36.4112,Manta trawl,386038.63,709.55,279852.53,575.71,578233.75,974.07,578233.75,561.81
164,93.0,-148.4062,36.5104,Manta trawl,450301.45,653.65,270447.72,413.51,1058947.31,1382.23,1058947.31,272.61
165,94.0,-148.4156,36.5680,Manta trawl,170411.41,278.66,125587.65,228.06,257928.71,383.52,257928.71,223.36
166,95.0,-147.2708,37.6278,Manta trawl,436879.96,1158.14,264693.04,738.21,1007327.59,2368.32,1007327.59,502.57
167,96.0,-147.1943,37.6258,Manta trawl,269966.99,435.45,162506.19,278.09,633563.74,916.18,633563.74,187.17
168,97.0,-147.1140,37.6226,Manta trawl,212624.59,614.50,130131.21,393.58,487450.75,1261.25,487450.75,269.91
169,98.0,-143.5639,37.4930,Manta trawl,1504083.47,10655.82,920615.21,6612.75,2562252.43,17481.83,2562252.43,1936.63
170,99.0,-143.4761,37.4915,Manta trawl,1419339.57,7200.99,842542.11,4453.59,2353836.86,11801.65,2353836.86,1279.80
171,100.0,-143.3958,37.4848,Manta trawl,1171924.31,7213.12,717335.36,4475.73,2003783.31,11847.50,2003783.31,1313.25
172,101.0,-140.9014,37.5533,Manta trawl,633041.45,1061.26,459742.74,864.46,953630.72,1456.89,953630.72,844.63
173,102.0,-140.8297,37.6084,Manta trawl,595254.47,1107.90,436207.20,898.39,896021.86,1516.24,896021.86,876.03
174,103.0,-140.7833,37.6138,Manta trawl,736531.56,1409.13,541026.59,1150.08,1115299.70,1926.16,1115299.70,1124.09
175,104.0,-137.7101,38.3180,Manta trawl,982035.49,2066.62,597805.76,1311.21,2283529.69,4353.33,2283529.69,870.57
176,105.0,-137.6313,38.3370,Manta trawl,891768.25,2374.62,549466.91,1513.31,2059434.00,4984.14,2059434.00,1015.50
177,106.0,-137.5601,38.3638,Manta trawl,1316937.48,3354.15,798112.55,2140.85,3047127.46,6997.36,3047127.46,1446.19
178,107.0,-134.1496,38.5759,Manta trawl,280928.93,381.23,169360.83,245.09,665322.53,773.52,665322.53,170.28
179,108.0,-134.0551,38.6405,Manta trawl,324899.07,568.09,196544.19,365.44,764577.38,1169.01,764577.38,252.34
180,109.0,-133.9901,38.6421,Manta trawl,241324.74,404.08,143636.42,251.91,562515.56,833.20,562515.56,163.20
181,110.0,-150.8673,36.4680,Manta trawl,284190.42,589.07,205940.66,483.09,426771.52,802.77,426771.52,472.59
182,111.0,-150.7943,36.4614,Manta trawl,340763.50,856.31,250666.89,709.18,512654.81,1158.79,512654.81,695.66
183,112.0,-150.7282,36.4484,Manta trawl,445785.35,1085.63,323314.75,907.08,669454.36,1454.80,669454.36,890.57
184,113.0,-150.3816,36.3994,Manta trawl,230378.39,538.82,165655.49,451.07,343598.57,718.12,343598.57,442.96
185,114.0,-150.2969,36.3904,Manta trawl,523704.71,1648.94,313066.99,1062.42,1183376.59,3370.70,1183376.59,738.59
186,115.0,-152.4829,32.0667,Manta trawl,42291.40,250.37,33016.27,214.25,59665.43,328.21,59665.43,211.60
187,116.0,-151.2538,34.4313,Manta trawl,212269.67,2398.33,133980.45,1549.92,457165.31,4796.00,457165.31,1095.86
188,117.0,-150.0413,36.2920,Manta trawl,38619.50,151.27,38530.63,151.23,40620.62,153.51,40620.62,151.23
189,118.0,-149.9200,36.2737,Manta trawl,115320.79,515.83,89180.21,429.00,167798.26,688.47,167798.26,420.82
190,119.0,-148.1777,33.8761,Manta trawl,48797.09,117.92,34834.34,83.57,73898.17,161.92,73898.17,77.02
191,120.0,-151.1768,34.3616,Manta trawl,32613.08,111.23,23391.26,95.60,47713.85,144.19,47713.85,94.44
192,121.0,-150.4256,34.3603,Manta trawl,75357.95,175.21,53354.72,145.68,111912.94,232.55,111912.94,142.53
193,122.0,-150.3038,34.3742,Manta trawl,65951.07,111.98,45324.04,90.97,97545.94,151.41,97545.94,88.56
194,123.0,-147.3776,34.5663,Manta trawl,70788.68,138.66,43278.92,89.28,167195.83,285.22,167195.83,61.74
195,124.0,-147.2467,34.5692,Manta trawl,73338.82,188.34,43684.64,120.55,166934.64,385.68,166934.64,82.86
196,125.0,-143.8070,33.7112,Manta trawl,511487.04,2185.21,298589.61,1328.50,830570.85,3701.67,830570.85,312.32
197,126.0,-141.1100,33.8227,Manta trawl,20272.31,71.22,20108.65,71.10,21812.97,72.92,21812.97,71.10
198,127.0,-137.3761,34.2024,Manta trawl,161305.46,246.90,96669.09,155.02,375476.09,521.87,375476.09,100.56
199,128.0,-133.7180,34.4929,Manta trawl,159458.35,194.95,94590.72,122.26,369701.05,410.64,369701.05,79.25
200,129.0,-156.1648,25.3371,Manta trawl,4980.10,32.15,4965.22,32.14,5258.80,32.48,5258.80,32.14
201,130.0,-156.2147,25.2567,Manta trawl,4858.50,55.61,4731.07,55.60,5454.84,55.82,5454.84,55.60
202,131.0,-156.2697,25.1671,Manta trawl,5419.40,18.13,4097.79,15.20,7764.89,24.00,7764.89,14.95
203,132.0,-151.1167,33.5250,Manta trawl,71732.75,628.11,71490.61,627.85,74953.53,637.73,74953.53,627.85
204,133.0,-151.0500,33.5667,Manta trawl,144544.13,1183.65,117268.29,1025.52,201123.88,1532.77,201123.88,1015.17
205,134.0,-153.1417,31.7500,Manta trawl,31185.41,196.07,22765.92,169.69,44978.04,253.65,44978.04,167.88
206,135.0,-148.8500,35.3750,Manta trawl,117346.62,708.03,94813.26,605.07,164040.20,931.16,164040.20,597.92
207,136.0,-145.8333,36.2917,Manta trawl,156153.28,1058.68,156114.95,1058.63,161922.20,1072.92,161922.20,1058.63
208,137.0,-145.7333,36.2917,Manta trawl,169832.59,716.57,126544.77,605.71,242516.51,947.09,242516.51,596.37
209,138.0,-137.1000,34.1333,Manta trawl,371651.40,1171.35,281936.62,978.42,551547.07,1578.49,551547.07,962.38
210,139.0,-156.2503,36.2553,Manta trawl,495145.05,540.85,493659.00,539.84,534594.46,567.77,534594.46,539.84
211,140.0,-156.1871,36.2533,Manta trawl,466564.58,436.13,465270.27,435.40,504767.51,458.61,504767.51,435.40
212,141.0,-153.3571,36.8332,Manta trawl,332716.88,753.33,245639.68,628.09,495661.26,1015.04,495661.26,617.03
213,142.0,-153.2887,36.8386,Manta trawl,636217.43,876.92,381351.10,555.99,1507774.60,1871.67,1507774.60,366.01
214,143.0,-153.1906,36.8441,Manta trawl,807288.55,919.33,486485.69,578.12,1920300.50,1987.29,1920300.50,371.53
215,144.0,-146.6179,36.7966,Manta trawl,318901.16,1180.42,241327.60,986.35,466086.89,1580.68,466086.89,969.14
216,145.0,-146.5259,36.8446,Manta trawl,463462.95,1458.34,283640.91,919.15,1053880.36,3002.12,1053880.36,609.47
217,146.0,-146.4532,36.8704,Manta trawl,900120.31,3541.67,551233.58,2271.64,2022641.17,7234.41,2022641.17,1565.66
218,147.0,-151.6390,40.0162,Manta trawl,39510.61,69.00,29541.41,55.52,59120.12,94.84,59120.12,53.98
219,148.0,-151.4542,39.9458,Manta trawl,77435.96,103.41,58142.27,84.55,115711.74,141.64,115711.74,82.70
220,149.0,-150.2260,41.1221,Manta trawl,25312.84,33.32,15392.40,21.80,58433.49,68.55,58433.49,15.53
221,150.0,-150.1433,41.1557,Manta trawl,19711.08,8.12,14617.85,6.31,30195.64,11.88,30195.64,6.11
222,151.0,-150.0632,41.1691,Manta trawl,49281.21,37.23,36242.58,30.56,74733.45,50.52,74733.45,29.80
223,152.0,-149.7231,41.0667,Manta trawl,26815.50,25.58,16426.61,16.14,63536.99,55.64,63536.99,10.41
224,153.0,-149.6208,41.0426,Manta trawl,9450.49,10.81,7216.69,8.67,13850.56,15.18,13850.56,8.45
225,154.0,-147.5319,41.0380,Manta trawl,19425.25,13.44,11864.31,8.55,46394.64,28.55,46394.64,5.68
226,155.0,-147.4261,41.0162,Manta trawl,214124.41,166.45,129162.01,99.91,377649.12,276.47,377649.12,22.37
227,156.0,-147.3294,40.9812,Manta trawl,96673.28,183.86,59529.60,118.02,222683.46,381.29,222683.46,80.81
228,157.0,-147.2525,40.9423,Manta trawl,66160.09,65.69,40188.36,41.39,154143.98,140.37,154143.98,26.90
229,158.0,-146.8777,40.8806,Manta trawl,91570.49,52.06,55383.70,32.53,218835.60,114.21,218835.60,20.40
230,159.0,-151.5572,39.9856,Manta trawl,29444.12,38.37,22161.57,31.48,44481.64,52.97,44481.64,30.87
231,160.0,-146.8088,40.8897,Manta trawl,725005.94,1355.48,433724.94,832.38,1236541.71,2255.82,1236541.71,221.40
232,161.0,-153.8023,33.2249,Manta trawl,222891.85,543.22,150319.86,439.44,328068.66,722.84,328068.66,426.20
233,162.0,-153.7201,33.2006,Manta trawl,368976.77,660.80,222250.87,418.87,865957.67,1379.12,865957.67,278.90
234,163.0,-153.6428,33.1849,Manta trawl,244383.23,262.52,175212.80,211.97,375870.24,364.39,375870.24,206.57
235,164.0,-153.1096,33.1104,Manta trawl,289096.95,1014.05,178129.73,653.21,659711.03,2079.64,659711.03,452.92
236,165.0,-153.0457,33.0882,Manta trawl,209452.94,803.65,129317.42,519.71,477215.99,1636.20,477215.99,364.33
237,166.0,-152.9594,33.0558,Manta trawl,110997.14,524.99,68383.68,342.72,251055.84,1055.86,251055.84,245.91
238,167.0,-151.2808,32.5142,Manta trawl,100159.12,680.27,76962.17,588.79,144757.07,881.96,144757.07,582.58
239,168.0,-151.3149,32.5218,Manta trawl,120199.31,544.69,91151.98,468.49,177233.92,711.39,177233.92,463.13
240,169.0,-151.2251,32.5138,Manta trawl,95533.37,412.30,70201.49,354.24,140787.92,537.36,140787.92,349.88
241,170.0,-150.5180,32.6277,Manta trawl,769687.46,3053.41,464566.55,1975.55,1754981.33,6203.59,1754981.33,1388.16
242,171.0,-150.4508,32.6442,Manta trawl,567734.27,1386.05,414827.73,1158.38,861088.51,1861.02,861088.51,1138.76
243,172.0,-150.3712,32.6678,Manta trawl,1044469.89,2142.64,620627.76,1360.51,2433531.49,4431.82,2433531.49,913.85
244,173.0,-149.0767,32.4304,Manta trawl,345875.51,1839.45,214060.67,1193.18,768951.76,3713.06,768951.76,844.95
245,174.0,-148.9997,32.4232,Manta trawl,252391.14,1574.32,157217.31,1026.48,560503.49,3149.68,560503.49,736.74
246,175.0,-148.9238,32.4097,Manta trawl,301289.00,3153.78,191189.96,2064.27,646861.68,6282.05,646861.68,1494.82
247,176.0,-148.2509,32.1257,Manta trawl,138600.96,650.58,84297.87,425.78,306506.88,1301.09,306506.88,307.62
248,177.0,-148.1988,32.1176,Manta trawl,218954.62,781.08,128164.06,482.99,362071.87,1280.31,362071.87,138.61
249,178.0,-148.1095,32.1090,Manta trawl,207529.33,1118.51,126538.76,694.58,357398.02,1836.38,357398.02,204.53
250,179.0,-146.9711,31.6571,Manta trawl,203520.44,1020.72,123336.60,634.03,345020.62,1674.49,345020.62,192.57
251,180.0,-146.8989,31.6387,Manta trawl,134634.66,642.58,79921.71,398.60,224067.13,1053.11,224067.13,121.41
252,181.0,-146.8262,31.6107,Manta trawl,34156.10,130.33,21148.54,84.61,77082.86,264.04,77082.86,59.92
253,182.0,-146.2812,31.2494,Manta trawl,430567.12,2078.75,256553.19,1275.16,722514.04,3375.50,722514.04,355.68
254,183.0,-146.2043,31.2437,Manta trawl,214001.21,1047.46,132442.53,679.88,483769.53,2110.57,483769.53,482.51
255,184.0,-144.9059,30.5344,Manta trawl,273304.12,980.90,168381.44,632.40,619359.46,2004.17,619359.46,440.06
256,185.0,-144.8220,30.5126,Manta trawl,137829.32,635.50,106882.01,540.96,199285.35,837.63,199285.35,533.95
257,186.0,-144.7408,30.4886,Manta trawl,176379.43,568.31,131525.85,476.58,260399.08,750.83,260399.08,467.89
258,187.0,-144.0606,30.1827,Manta trawl,434030.47,1059.26,310375.40,879.77,651448.05,1407.38,651448.05,861.42
259,188.0,-144.0349,30.1523,Manta trawl,429862.72,870.69,308469.63,716.49,650686.07,1169.41,650686.07,700.45
260,189.0,-144.0028,30.1513,Manta trawl,388352.30,1012.10,287332.26,854.62,585929.76,1345.65,585929.76,841.79
261,190.0,-148.4791,36.4444,Manta trawl,570370.88,1321.58,350881.43,843.32,1318741.60,2773.06,1318741.60,567.47
262,191.0,-148.4094,36.4377,Manta trawl,229598.69,484.02,167487.51,402.95,342419.87,652.30,342419.87,395.68
263,192.0,-145.1708,36.6980,Manta trawl,555051.67,1204.33,551323.40,1201.02,602312.45,1244.23,602312.45,1201.02
264,193.0,-145.1197,36.6978,Manta trawl,595484.64,1356.22,592788.82,1354.79,641919.79,1394.03,641919.79,1354.79
265,194.0,-145.0667,36.6976,Manta trawl,1124926.17,1528.37,790707.81,1234.17,1698402.18,2094.63,1698402.18,1201.93
266,195.0,-144.3889,36.6309,Manta trawl,415044.94,823.16,415044.94,823.16,415044.94,823.16,415044.94,823.16
267,196.0,-144.3242,36.6267,Manta trawl,706471.95,1710.08,706471.95,1710.08,706471.95,1710.08,706471.95,1710.08
268,197.0,-153.7405,36.3613,Manta trawl,718779.33,1054.29,718779.33,1054.29,718779.33,1054.29,718779.33,1054.29
269,198.0,-153.6577,36.3879,Manta trawl,398809.98,610.34,398809.98,610.34,398809.98,610.34,398809.98,610.34
270,199.0,-153.5503,36.4130,Manta trawl,462041.66,443.98,462041.66,443.98,462041.66,443.98,462041.66,443.98
271,200.0,-153.4763,36.4304,Manta trawl,314736.23,300.65,314736.23,300.65,314736.23,300.65,314736.23,300.65
272,201.0,-150.6501,36.9565,Manta trawl,253767.16,225.32,177888.17,179.45,388140.29,311.50,388140.29,174.10
273,202.0,-150.5734,36.9757,Manta trawl,263360.54,755.19,194494.92,613.19,388782.41,1018.26,388782.41,596.91
274,203.0,-142.1391,36.8226,Manta trawl,709662.63,3535.40,542115.29,2992.04,1033114.13,4679.66,1033114.13,2949.08
275,204.0,-154.2587,25.5767,Manta trawl,178024.43,526.14,106969.52,338.30,408566.61,1081.45,408566.61,233.51
276,205.0,-154.1982,25.6493,Manta trawl,36046.47,183.00,27655.43,159.33,52835.00,236.07,52835.00,157.71
277,206.0,-154.1484,25.7102,Manta trawl,68616.14,237.99,50743.90,201.86,102647.44,315.51,102647.44,199.08
278,207.0,-152.8755,27.2066,Manta trawl,49745.45,117.14,30077.40,74.91,115847.57,241.72,115847.57,51.05
279,208.0,-152.8234,27.2671,Manta trawl,49230.70,155.07,29132.31,101.59,111918.44,312.37,111918.44,73.31
280,209.0,-152.7755,27.3261,Manta trawl,17661.29,80.36,10905.39,52.67,39555.13,162.08,39555.13,38.01
281,210.0,-151.6073,28.6498,Manta trawl,36061.43,175.02,22053.85,114.10,81754.81,351.29,81754.81,81.74
282,211.0,-151.5602,28.7092,Manta trawl,32647.22,149.40,19927.91,96.41,71341.39,300.03,71341.39,67.78
283,212.0,-151.5079,28.7676,Manta trawl,33869.44,205.29,21023.47,133.31,74745.84,413.59,74745.84,94.71
284,213.0,-150.3488,30.0368,Manta trawl,88986.24,394.87,54460.71,255.53,201987.12,799.70,201987.12,179.85
285,214.0,-150.2920,30.1002,Manta trawl,35055.76,212.79,21907.67,138.24,76776.41,426.87,76776.41,98.42
286,215.0,-150.2365,30.1622,Manta trawl,29555.52,211.02,18427.09,136.42,65399.87,426.32,65399.87,96.00
287,216.0,-148.7929,31.6661,Manta trawl,79770.63,558.31,61803.09,481.02,115289.34,727.91,115289.34,475.91
288,217.0,-148.7428,31.7191,Manta trawl,71870.33,649.36,58230.94,561.56,100513.55,841.33,100513.55,555.71
289,218.0,-148.6948,31.7684,Manta trawl,176188.19,1671.47,140654.95,1444.64,244228.31,2154.97,244228.31,1428.36
290,219.0,-147.4223,33.0555,Manta trawl,299641.68,1535.03,224064.33,1297.02,429537.38,2020.65,429537.38,1276.57
291,220.0,-147.3596,33.1201,Manta trawl,245723.90,1465.69,192841.87,1249.29,350840.73,1928.02,350840.73,1233.22
292,221.0,-147.2988,33.1811,Manta trawl,271994.27,1889.55,214121.70,1617.99,384979.82,2471.23,384979.82,1598.49
293,222.0,-145.6705,34.7415,Manta trawl,180859.27,1027.13,139922.85,879.03,260395.76,1347.02,260395.76,868.40
294,223.0,-145.5975,34.8108,Manta trawl,1035491.73,2139.89,757802.37,1757.52,1576898.99,2922.14,1576898.99,1720.72
295,224.0,-145.5287,34.8762,Manta trawl,188781.98,569.01,137815.92,472.81,282159.75,762.95,282159.75,463.92
296,225.0,-143.9069,36.3457,Manta trawl,533844.04,638.66,532352.23,637.56,577235.20,663.38,577235.20,637.56
297,226.0,-143.8183,36.4242,Manta trawl,690233.97,1011.05,685735.11,1008.77,750826.54,1045.25,750826.54,1008.77
298,227.0,-143.7316,36.4993,Manta trawl,526336.13,714.19,522418.29,711.77,573217.66,740.82,573217.66,711.77
299,228.0,-141.4651,38.4260,Manta trawl,696574.37,2188.58,421980.30,1399.09,1591791.78,4508.47,1591791.78,954.55
300,229.0,-139.7358,39.7889,Manta trawl,143157.49,171.98,100298.38,136.58,217934.13,238.34,217934.13,132.27
301,230.0,-139.6602,39.8455,Manta trawl,292360.76,903.01,221539.66,757.32,428289.76,1207.46,428289.76,744.96
302,231.0,-139.5802,39.9051,Manta trawl,274619.11,703.54,203658.31,582.10,405442.37,950.84,405442.37,570.79
303,232.0,-142.8823,31.6748,Manta trawl,795976.32,3243.56,488768.29,2103.30,1798055.03,6566.18,1798055.03,1486.33
304,233.0,-142.1377,31.2134,Manta trawl,342316.31,1425.19,212088.46,925.61,773641.20,2878.32,773641.20,656.70
305,234.0,-140.5807,30.5515,Manta trawl,943079.37,4019.05,586976.56,2612.64,2120653.70,8155.50,2120653.70,1852.48
306,235.0,-139.6500,30.5864,Manta trawl,833319.77,2823.34,509098.61,1812.47,1899605.64,5774.30,1899605.64,1250.66
307,236.0,-137.8040,30.4264,Manta trawl,220559.59,943.31,169679.85,799.78,321970.64,1247.18,321970.64,788.73
308,237.0,-133.8532,30.1307,Manta trawl,256380.67,416.55,187886.37,346.27,390266.15,560.70,390266.15,339.83
309,238.0,-133.7964,30.1455,Manta trawl,441033.28,865.41,315738.89,717.18,662965.96,1164.57,662965.96,703.09
310,239.0,-133.7477,30.1407,Manta trawl,363211.34,758.04,360938.58,756.50,393746.19,779.14,393746.19,756.50
311,241.0,-154.4145,34.0202,Manta trawl,53668.86,165.67,41103.32,140.32,79310.56,220.33,79310.56,138.30
312,243.0,-154.3767,34.1481,Manta trawl,65666.49,214.31,50323.44,180.75,95840.49,286.34,95840.49,178.11
313,244.0,-154.3672,34.2043,Manta trawl,110869.60,288.98,82455.67,240.25,166473.66,383.35,166473.66,235.15
314,245.0,-154.3473,34.2452,Manta trawl,142041.38,498.00,108140.40,422.36,209072.15,657.92,209072.15,416.11
315,246.0,-153.7338,36.1799,Manta trawl,120920.92,481.85,73160.73,309.54,267971.17,977.43,267971.17,214.69
316,247.0,-153.7147,36.2547,Manta trawl,229809.86,600.71,139421.18,385.49,529647.96,1229.93,529647.96,265.58
317,248.0,-153.6895,36.3208,Manta trawl,244463.24,738.92,147446.45,472.45,561410.75,1511.12,561410.75,323.48
318,249.0,-153.6528,36.3728,Manta trawl,345412.32,761.46,208316.75,489.32,797781.25,1573.52,797781.25,336.54
319,250.0,-153.6227,36.4223,Manta trawl,244711.77,743.74,150199.26,477.16,561280.04,1526.99,561280.04,328.25
320,251.0,-153.6074,36.4875,Manta trawl,166331.90,411.46,100345.51,257.66,381882.85,844.80,381882.85,168.87
321,252.0,-152.5767,38.2896,Manta trawl,166274.88,209.61,101565.27,132.67,393529.63,455.66,393529.63,86.06
322,253.0,-152.5177,38.3362,Manta trawl,202779.14,216.10,123433.73,135.06,478686.40,472.58,478686.40,84.98
323,254.0,-152.4547,38.3837,Manta trawl,229204.16,220.08,139903.90,136.67,543727.75,493.07,543727.75,83.44
324,255.0,-152.3954,38.4293,Manta trawl,288058.82,309.79,175485.75,194.86,679276.69,674.21,679276.69,124.67
325,256.0,-152.3359,38.4741,Manta trawl,189002.94,232.74,115093.99,145.67,444682.61,505.83,444682.61,92.26
326,260.0,-151.2549,40.4860,Manta trawl,39448.59,60.14,24028.22,38.32,91349.48,125.22,91349.48,25.82
327,261.0,-130.3890,39.9870,Manta trawl,48272.10,172.97,48018.97,172.78,51650.42,176.38,51650.42,172.78
328,262.0,-130.3088,39.9739,Manta trawl,70739.81,115.36,70608.32,115.26,75878.28,118.44,75878.28,115.26
329,263.0,-152.2667,27.6084,Manta trawl,23871.41,56.82,23871.41,56.82,23871.41,56.82,23871.41,56.82
330,264.0,-151.7980,27.8504,Manta trawl,31813.25,44.73,22842.92,36.68,48769.13,60.80,48769.13,35.79
331,265.0,-150.4496,28.2451,Manta trawl,26729.21,57.00,19943.33,47.51,40287.71,77.16,40287.71,46.73
332,266.0,-150.4196,28.2874,Manta trawl,48821.69,158.72,36914.03,133.69,72569.89,208.34,72569.89,131.28
333,267.0,-150.3850,28.3132,Manta trawl,54673.78,210.30,41477.93,178.37,79898.80,277.97,79898.80,175.92
334,268.0,-150.0215,28.3731,Manta trawl,130491.95,400.34,95975.89,340.22,196470.70,528.41,196470.70,335.24
335,269.0,-149.9736,28.3786,Manta trawl,88339.41,411.26,88181.18,411.14,93850.69,416.84,93850.69,411.14
336,270.0,-149.9288,28.3908,Manta trawl,71574.94,94.48,71574.94,94.48,71574.94,94.48,71574.94,94.48
337,271.0,-148.8761,28.3184,Manta trawl,89906.74,171.87,64573.28,145.74,134385.86,224.99,134385.86,143.27
338,272.0,-148.8963,28.2745,Manta trawl,297679.61,1426.38,297050.06,1425.70,314458.55,1447.73,314458.55,1425.70
339,273.0,-149.1777,28.0872,Manta trawl,57793.24,154.63,41284.46,130.14,86368.01,204.41,86368.01,127.85
340,274.0,-150.5769,26.7181,Manta trawl,25750.84,64.05,25609.08,64.00,27937.72,65.38,27937.72,64.00
341,275.0,-151.3010,26.2553,Manta trawl,118677.83,254.83,117471.70,254.00,130144.25,262.37,130144.25,254.00
342,276.0,-134.1413,29.6302,Manta trawl,551218.76,1942.00,336649.39,1204.52,955691.64,3211.68,955691.64,346.09
343,277.0,-135.8724,29.6357,Manta trawl,950379.38,3227.78,579177.68,2000.10,1658683.50,5341.53,1658683.50,566.75
344,278.0,-135.9126,29.6613,Manta trawl,469840.27,1154.63,282391.17,745.68,1076324.24,2374.10,1076324.24,518.91
345,279.0,-135.9594,29.6857,Manta trawl,940825.03,3276.71,570642.20,2028.37,1644182.06,5423.46,1644182.06,569.68
346,280.0,-137.5749,29.8683,Manta trawl,178617.01,689.98,133222.03,581.04,263520.66,919.49,263520.66,572.62
347,281.0,-137.6065,29.8771,Manta trawl,267133.79,1216.02,266366.89,1215.49,284314.23,1235.32,284314.23,1215.49
348,282.0,-137.6358,29.8842,Manta trawl,447414.31,1367.65,443688.05,1366.49,484781.17,1392.93,484781.17,1366.49
349,283.0,-139.0718,30.0267,Manta trawl,644024.17,2080.59,470289.80,1741.72,953138.88,2782.97,953138.88,1713.21
350,284.0,-139.1154,30.0240,Manta trawl,3069595.87,6016.50,1853277.29,3697.86,5376107.76,9970.29,5376107.76,999.06
351,285.0,-139.1525,30.0181,Manta trawl,571427.99,1140.02,411988.74,927.58,863631.01,1541.26,863631.01,903.82
352,286.0,-140.0759,28.9663,Manta trawl,907686.47,3590.13,549045.48,2220.64,1564289.67,5909.36,1564289.67,633.47
353,287.0,-140.1183,28.9324,Manta trawl,1285789.34,4059.38,779116.93,2509.96,2218142.37,6697.59,2218142.37,705.35
354,288.0,-140.1662,28.9045,Manta trawl,1080860.81,2504.21,647936.28,1534.15,1873520.05,4112.41,1873520.05,411.89
355,289.0,-141.3740,28.1809,Manta trawl,224807.79,381.34,161966.41,312.93,345906.81,519.05,345906.81,306.30
356,290.0,-141.4267,28.1733,Manta trawl,726825.78,2628.33,544580.80,2230.88,1086850.63,3482.61,1086850.63,2201.51
357,291.0,-141.4475,28.1587,Manta trawl,367441.25,515.09,267739.49,431.96,564331.32,687.70,564331.32,424.80
358,293.0,-142.9212,27.6269,Manta trawl,62977.91,78.57,43887.12,64.54,96381.19,105.82,96381.19,62.92
359,294.0,-142.9629,27.6211,Manta trawl,499392.39,476.77,297581.77,298.21,1188030.18,993.05,1188030.18,193.68
360,295.0,-145.5101,27.4379,Manta trawl,1685863.06,3505.78,1006716.81,2152.42,2889326.51,5796.21,2889326.51,579.11
361,296.0,-145.5420,27.4258,Manta trawl,1905562.62,2410.10,1092280.83,1448.48,3104616.59,3892.56,3104616.59,360.35
362,297.0,-145.5710,27.4173,Manta trawl,3450808.71,3138.94,2031205.37,1886.23,5903746.05,5174.67,5903746.05,441.96
363,298.0,-148.9291,28.2497,Manta trawl,117484.96,280.31,116910.35,280.05,126818.41,286.84,126818.41,280.05
364,299.0,-130.0122,40.3028,Manta trawl,25523.09,48.93,18822.49,39.99,38868.61,66.87,38868.61,39.10
365,300.0,-130.0129,40.2589,Manta trawl,30145.43,69.60,21681.47,58.29,43910.95,93.23,43910.95,57.36
366,301.0,-130.0977,39.5112,Manta trawl,24774.75,71.37,19119.22,61.68,36540.50,92.89,36540.50,61.02
367,304.0,-130.0950,39.1800,Manta trawl,16749.16,83.40,12580.29,71.52,24373.06,108.84,24373.06,70.66
368,305.0,-130.1035,39.1433,Manta trawl,16391.71,37.90,16374.81,37.89,17634.05,38.60,17634.05,37.89
369,306.0,-130.1168,39.1098,Manta trawl,35155.75,126.63,26602.20,108.50,52338.51,166.10,52338.51,107.20
370,307.0,-130.4628,38.5234,Manta trawl,13504.48,30.87,13476.66,30.84,14560.29,31.88,14560.29,30.84
371,308.0,-130.4318,38.4919,Manta trawl,28315.54,48.82,28144.44,48.81,30532.94,50.10,30532.94,48.81
372,309.0,-130.4462,38.4594,Manta trawl,53030.94,73.70,52441.46,73.29,58151.48,76.88,58151.48,73.29
373,310.0,-130.5008,38.3217,Manta trawl,18875.68,75.86,13940.69,64.44,27474.12,99.46,27474.12,63.50
374,311.0,-130.4749,38.2776,Manta trawl,4843.76,11.39,4791.11,11.37,5307.76,11.62,5307.76,11.37
375,312.0,-130.4863,38.2432,Manta trawl,9693.52,19.03,9669.61,19.02,10458.09,19.18,10458.09,19.02
376,313.0,-131.4851,37.5666,Manta trawl,61050.17,190.59,60615.22,190.35,66088.21,194.39,66088.21,190.35
377,314.0,-131.4816,37.5260,Manta trawl,95152.06,272.85,70637.27,232.37,143725.41,359.25,143725.41,229.25
378,315.0,-131.4895,37.4751,Manta trawl,63883.86,190.15,63320.50,189.73,69204.10,194.29,69204.10,189.73
379,316.0,-131.5925,37.3324,Manta trawl,168314.37,305.84,167857.01,305.44,181416.58,315.10,181416.58,305.44
380,317.0,-131.5847,37.2911,Manta trawl,232972.68,334.93,231136.88,334.17,254391.23,346.01,254391.23,334.17
381,318.0,-131.6263,37.2543,Manta trawl,416776.18,548.16,414327.82,545.83,454742.82,573.42,454742.82,545.83
382,319.0,-132.8049,36.8589,Manta trawl,119054.75,310.44,87265.90,259.73,179128.71,413.99,179128.71,255.14
383,320.0,-132.8788,36.8520,Manta trawl,124806.85,285.10,92422.48,236.83,187252.53,382.69,187252.53,232.36
384,321.0,-132.9469,36.8449,Manta trawl,113723.58,231.66,113353.34,231.06,122134.29,239.78,122134.29,231.06
385,322.0,-133.1918,36.7951,Manta trawl,118829.64,189.25,118396.58,188.70,128547.77,196.14,128547.77,188.70
386,323.0,-133.1945,36.7486,Manta trawl,265841.50,342.77,191425.28,272.97,402450.87,473.44,402450.87,264.81
387,324.0,-133.2069,36.6861,Manta trawl,242226.01,406.13,241145.53,404.80,261345.34,420.43,261345.34,404.80
388,325.0,-132.8787,35.5947,Manta trawl,159726.21,817.97,122617.56,709.33,232915.15,1057.25,232915.15,701.96
389,326.0,-132.9049,35.5322,Manta trawl,180918.10,763.85,111805.21,494.88,410550.03,1539.38,410550.03,350.04
390,327.0,-132.9275,35.4712,Manta trawl,113558.37,371.10,68337.60,240.00,256603.10,749.68,256603.10,168.96
391,328.0,-132.9495,35.4226,Manta trawl,137816.80,398.93,79909.74,257.08,308321.77,802.99,308321.77,180.14
392,329.0,-132.9414,35.3709,Manta trawl,69620.74,296.44,51322.42,251.38,102836.85,387.66,102836.85,247.39
393,330.0,-132.9537,35.3190,Manta trawl,72006.28,203.95,53311.18,171.36,107928.42,272.17,107928.42,168.67
394,331.0,-132.9633,35.2667,Manta trawl,90125.48,325.66,54742.78,212.94,205440.93,657.41,205440.93,152.93
395,334.0,-132.7587,33.7724,Manta trawl,64317.48,233.43,47704.56,198.37,94707.96,307.29,94707.96,195.61
396,335.0,-132.7717,33.7154,Manta trawl,63977.05,157.32,46570.08,130.84,96867.85,212.27,96867.85,128.57
397,336.0,-132.9671,33.6516,Manta trawl,49055.88,187.85,38242.80,159.03,70307.43,249.33,70307.43,156.95
398,337.0,-133.0136,33.6491,Manta trawl,71176.43,219.05,51185.42,184.87,104940.96,290.13,104940.96,181.95
399,338.0,-133.0587,33.6477,Manta trawl,53996.87,181.55,38970.90,137.67,79881.54,245.79,79881.54,130.89
400,339.0,-132.8152,33.6838,Manta trawl,85859.34,319.42,64170.44,270.67,125948.00,421.91,125948.00,266.82
401,340.0,-132.8623,33.6709,Manta trawl,83424.81,140.56,57235.79,113.44,125606.42,192.14,125606.42,110.45
402,341.0,-132.9173,33.6587,Manta trawl,48240.46,170.50,36307.19,144.00,70141.87,226.04,70141.87,141.80
403,342.0,-133.0770,33.1122,Manta trawl,197813.77,491.71,197431.53,491.37,210469.35,502.77,210469.35,491.37
404,343.0,-133.1195,33.1067,Manta trawl,205786.31,683.69,205589.13,683.06,216980.63,699.08,216980.63,683.06
405,344.0,-133.1591,33.1002,Manta trawl,225361.34,471.42,224943.26,471.07,241057.61,485.17,241057.61,471.07
406,345.0,-133.2088,33.0849,Manta trawl,283853.69,492.59,282916.99,491.73,306018.28,508.48,306018.28,491.73
407,346.0,-133.2357,33.0710,Manta trawl,487963.68,703.75,486564.24,702.75,528152.54,726.78,528152.54,702.75
408,347.0,-133.2731,33.0595,Manta trawl,350630.03,469.73,349229.78,468.86,380241.90,486.83,380241.90,468.86
409,348.0,-133.3114,33.0462,Manta trawl,226200.47,466.15,162965.17,384.74,341683.36,629.91,341683.36,376.52
410,349.0,-133.3588,33.0328,Manta trawl,185107.11,418.97,139710.25,349.71,276373.99,563.93,276373.99,343.70
411,350.0,-133.4152,33.0228,Manta trawl,44110.58,297.79,43881.52,297.69,45774.76,303.19,45774.76,297.69
412,351.0,-133.4601,32.4763,Manta trawl,68557.82,218.24,68519.25,218.20,72862.55,222.78,72862.55,218.20
413,352.0,-133.4965,32.4745,Manta trawl,104517.00,282.34,104231.81,282.07,113864.85,290.46,113864.85,282.07
414,353.0,-133.5409,32.4690,Manta trawl,160163.13,423.87,159890.87,423.28,170517.04,434.87,170517.04,423.28
415,354.0,-133.5841,32.4625,Manta trawl,108604.69,262.96,108315.01,262.62,116197.14,270.09,116197.14,262.62
416,355.0,-133.6301,32.4606,Manta trawl,91828.80,234.94,91718.37,234.78,98131.10,240.22,98131.10,234.78
417,356.0,-133.6769,32.4491,Manta trawl,123820.31,222.85,123370.24,222.59,133412.84,229.45,133412.84,222.59
418,357.0,-133.7266,32.4396,Manta trawl,164805.28,237.52,164178.67,237.23,178201.44,244.90,178201.44,237.23
419,358.0,-133.7748,32.4376,Manta trawl,279058.55,684.76,277714.98,682.03,302726.01,707.78,302726.01,682.03
420,359.0,-133.8228,32.4412,Manta trawl,333245.86,445.85,331811.26,444.78,361194.21,463.99,361194.21,444.78
421,360.0,-133.8719,32.4368,Manta trawl,222247.97,390.41,221883.58,388.98,239371.21,406.88,239371.21,388.98
422,363.0,-133.9388,31.8305,Manta trawl,96501.17,386.48,96411.93,386.33,101954.00,393.61,101954.00,386.33
423,364.0,-133.9954,31.8194,Manta trawl,98127.07,455.15,97939.74,455.01,103424.79,461.97,103424.79,455.01
424,365.0,-134.0238,31.7811,Manta trawl,182163.57,452.23,135849.39,385.11,274788.00,597.00,274788.00,380.12
425,366.0,-134.0345,31.7296,Manta trawl,100239.71,342.20,99904.36,341.95,107152.25,348.57,107152.25,341.95
426,367.0,-134.0488,31.6818,Manta trawl,75501.36,279.51,75141.78,279.07,81174.82,285.55,81174.82,279.07
427,368.0,-134.0589,31.6149,Manta trawl,45136.79,201.42,45027.66,201.32,47843.15,204.63,47843.15,201.32
428,369.0,-134.0748,31.5601,Manta trawl,81891.59,314.12,81804.20,314.08,86276.07,319.23,86276.07,314.08
429,370.0,-134.0831,31.5027,Manta trawl,74778.14,258.37,56100.35,219.36,111021.89,342.26,111021.89,216.26
430,371.0,-134.0830,31.4453,Manta trawl,82611.41,243.08,60062.97,203.72,123231.77,322.80,123231.77,200.16
431,372.0,-134.0859,31.4387,Manta trawl,168431.47,371.46,125151.17,306.04,251573.05,507.80,251573.05,300.09
432,373.0,-133.9420,30.5389,Manta trawl,126815.63,698.31,126656.42,698.15,132621.19,709.29,132621.19,698.15
433,374.0,-133.9359,30.4876,Manta trawl,108066.96,346.58,82404.07,292.06,157855.36,462.10,157855.36,287.80
434,375.0,-133.9309,30.4455,Manta trawl,146548.14,473.06,113857.40,398.43,212474.11,633.43,212474.11,392.73
435,376.0,-133.9157,30.4035,Manta trawl,890918.63,4568.23,703904.36,3910.65,1270828.15,5986.75,1270828.15,3862.32
436,377.0,-133.8972,30.3259,Manta trawl,207048.52,817.36,160156.94,688.15,300990.98,1092.01,300990.98,677.88
437,378.0,-133.8715,30.2740,Manta trawl,206797.17,498.81,143449.10,420.46,303567.97,656.67,303567.97,413.11
438,379.0,-133.8513,30.2288,Manta trawl,200859.30,642.98,152094.38,545.56,295053.20,850.45,295053.20,537.92
439,380.0,-133.8340,30.1860,Manta trawl,152335.65,683.42,152195.81,683.33,160634.86,692.49,160634.86,683.33
440,381.0,-133.8210,30.1402,Manta trawl,213307.83,1206.85,213196.10,1206.82,222183.04,1222.52,222183.04,1206.82
441,382.0,-133.8008,30.0918,Manta trawl,165566.97,1134.53,165457.55,1133.93,171100.27,1150.69,171100.27,1133.93
442,383.0,-133.7720,30.0470,Manta trawl,141120.76,623.53,140802.65,623.33,149208.98,633.14,149208.98,623.33
443,384.0,-133.2606,29.4452,Manta trawl,145769.39,544.08,112853.88,460.79,213090.21,723.93,213090.21,454.63
444,385.0,-133.2597,29.4135,Manta trawl,269177.79,1119.71,268819.67,1119.33,283421.68,1139.45,283421.68,1119.33
445,386.0,-133.2961,29.3874,Manta trawl,212472.74,1129.98,212399.93,1129.71,222037.19,1148.54,222037.19,1129.71
446,387.0,-133.2188,29.3311,Manta trawl,211452.89,746.14,211214.98,746.06,224181.65,758.15,224181.65,746.06
447,388.0,-133.1890,29.3194,Manta trawl,100213.68,260.95,100038.55,260.76,106942.87,266.89,106942.87,260.76
448,389.0,-133.1445,29.2953,Manta trawl,238018.97,1210.34,237019.45,1209.77,252269.73,1229.48,252269.73,1209.77
449,390.0,-133.0907,29.2629,Manta trawl,132633.98,517.65,132374.69,517.40,140615.52,527.47,140615.52,517.40
450,391.0,-133.0394,29.2231,Manta trawl,274036.38,1646.29,215580.95,1407.24,392128.03,2165.82,392128.03,1390.66
451,392.0,-132.9814,29.1803,Manta trawl,180980.62,701.53,133910.69,596.11,261516.83,925.42,261516.83,587.85
452,393.0,-132.3920,28.6582,Manta trawl,121026.49,366.53,120776.83,366.40,128829.45,373.33,128829.45,366.40
453,394.0,-132.3716,28.6342,Manta trawl,72471.20,199.17,72249.65,199.00,77716.17,203.77,77716.17,199.00
454,395.0,-132.3412,28.6170,Manta trawl,59206.12,179.12,59133.88,179.07,63074.87,183.12,63074.87,179.07
455,396.0,-132.2881,28.5870,Manta trawl,89507.85,321.44,89175.52,321.22,95470.02,327.89,95470.02,321.22
456,397.0,-132.2536,28.5623,Manta trawl,110601.42,428.25,110350.97,428.11,116904.04,435.38,116904.04,428.11
457,398.0,-132.2181,28.5389,Manta trawl,153613.28,468.39,153307.47,468.24,163180.95,476.53,163180.95,468.24
458,399.0,-132.1818,28.5133,Manta trawl,51432.67,178.36,51166.75,178.24,55006.73,181.51,55006.73,178.24
459,400.0,-132.1473,28.4885,Manta trawl,263530.90,705.71,262108.26,705.14,284712.97,719.92,284712.97,705.14
460,401.0,-132.1118,28.4553,Manta trawl,232437.98,829.01,177286.28,704.51,341366.03,1096.15,341366.03,694.75
461,402.0,-132.0774,28.4191,Manta trawl,200683.57,1104.74,156693.23,947.26,289214.51,1443.90,289214.51,935.70
462,405.0,-131.5029,28.0647,Manta trawl,292045.01,1704.49,291842.67,1704.04,307526.53,1728.13,307526.53,1704.04
463,406.0,-131.4639,28.0462,Manta trawl,63437.76,251.92,63252.59,251.73,67544.73,256.30,67544.73,251.73
464,407.0,-131.4227,28.0315,Manta trawl,48762.71,220.89,48676.51,220.85,51326.96,224.35,51326.96,220.85
465,408.0,-131.3996,28.0035,Manta trawl,111572.67,264.74,111139.94,264.49,120118.38,270.55,120118.38,264.49
466,409.0,-131.3751,27.9848,Manta trawl,151437.55,243.04,150845.58,242.61,163915.37,250.70,163915.37,242.61
467,410.0,-131.3522,27.9701,Manta trawl,349372.22,1010.48,348239.50,1009.89,374524.28,1032.04,374524.28,1009.89
468,411.0,-131.3289,27.9461,Manta trawl,111650.89,169.09,108442.50,167.88,127499.64,176.26,127499.64,167.88
469,412.0,-131.2893,27.9184,Manta trawl,120435.26,368.59,88698.96,312.31,179892.71,488.42,179892.71,307.71
470,413.0,-131.2554,27.8938,Manta trawl,205019.80,773.29,154670.79,659.83,303015.93,1017.30,303015.93,651.24
471,414.0,-131.2242,27.8666,Manta trawl,373817.93,613.81,273621.90,520.22,575584.66,814.60,575584.66,513.18
472,415.0,-130.8578,27.5709,Manta trawl,98766.68,670.32,98766.68,670.32,102584.86,678.14,102584.86,670.32
473,416.0,-130.8354,27.5416,Manta trawl,59223.06,382.10,59139.70,382.04,62051.81,387.03,62051.81,382.04
474,417.0,-130.8088,27.5019,Manta trawl,74402.92,288.38,56221.99,241.96,109255.52,382.70,109255.52,237.94
475,418.0,-130.7858,27.4688,Manta trawl,142064.16,671.00,111005.46,576.27,205961.78,878.99,205961.78,569.69
476,419.0,-130.7715,27.4426,Manta trawl,223274.56,814.79,169127.38,685.64,331351.30,1089.84,331351.30,675.66
477,420.0,-130.7418,27.4157,Manta trawl,239620.49,545.19,173117.11,451.31,361740.12,733.35,361740.12,442.20
478,421.0,-130.7204,27.3857,Manta trawl,217897.22,780.10,217003.59,779.81,232767.78,792.67,232767.78,779.81
479,422.0,-130.7050,27.3603,Manta trawl,103200.04,281.03,102995.22,280.86,110326.36,287.15,110326.36,280.86
480,423.0,-130.6848,27.3318,Manta trawl,100110.96,388.75,99358.51,388.53,107755.97,395.35,107755.97,388.53
481,424.0,-130.6653,27.3105,Manta trawl,94978.38,320.74,94830.13,320.61,100497.40,327.19,100497.40,320.61
482,425.0,-130.6385,27.2828,Manta trawl,179440.56,537.55,179220.90,537.34,191316.44,549.08,191316.44,537.34
483,426.0,-130.2256,26.9158,Manta trawl,23539.16,55.81,23341.01,55.74,25505.48,57.13,25505.48,55.74
484,427.0,-130.1919,26.8847,Manta trawl,54673.70,243.55,54480.70,243.46,59430.58,247.98,59430.58,243.46
485,428.0,-130.1594,26.8493,Manta trawl,104663.77,428.51,104597.72,428.41,110217.04,435.94,110217.04,428.41
486,429.0,-130.1290,26.8175,Manta trawl,49126.13,222.93,49057.49,222.90,51418.39,226.56,51418.39,222.90
487,430.0,-130.0993,26.7962,Manta trawl,54069.42,232.58,53985.96,232.51,57168.12,236.35,57168.12,232.51
488,431.0,-130.0636,26.7912,Manta trawl,54755.60,207.72,54698.76,207.70,57812.39,210.89,57812.39,207.70
489,433.0,-130.0524,26.7433,Manta trawl,47528.22,335.21,47478.27,335.16,50095.53,351.99,50095.53,335.16
490,434.0,-130.0948,26.7108,Manta trawl,46697.77,232.74,46673.92,232.74,49309.16,235.90,49309.16,232.74
491,435.0,-130.1104,26.6736,Manta trawl,46515.64,307.17,36423.47,263.81,67595.08,402.22,67595.08,260.93
492,436.0,-130.0792,26.6426,Manta trawl,28819.83,206.49,22656.29,177.30,41355.72,270.11,41355.72,175.38
493,438.0,-130.4419,26.8144,Manta trawl,29386.19,61.72,20754.51,51.82,44098.79,81.77,44098.79,50.94
494,439.0,-130.4905,26.8342,Manta trawl,28494.94,89.23,28494.94,89.23,30331.07,90.92,30331.07,89.23
495,440.0,-130.6939,26.9574,Manta trawl,67110.14,211.17,48923.43,180.29,99166.22,277.24,99166.22,178.01
496,441.0,-130.7584,26.9979,Manta trawl,34413.05,136.83,25378.05,115.16,49511.19,179.61,49511.19,113.19
497,442.0,-130.8200,27.0346,Manta trawl,37328.38,160.48,28411.01,136.12,54718.02,212.55,54718.02,134.30
498,443.0,-130.5453,26.8595,Manta trawl,42350.44,183.77,31647.72,158.87,61997.23,237.80,61997.23,157.02
499,444.0,-130.5919,26.8972,Manta trawl,19415.90,59.70,14432.73,51.43,29140.52,77.59,29140.52,50.78
500,445.0,-130.6392,26.9193,Manta trawl,47828.99,213.61,36567.17,184.01,69389.61,277.90,69389.61,181.91
501,446.0,-130.8774,27.0573,Manta trawl,15623.66,82.82,12672.57,72.08,21876.16,106.85,21876.16,71.39
