#,Sampling event ID,Sampling type,Platform name,Start day (UTC),Start month (UTC),Start year (UTC),Start UTC time (hours) ,End UTC time (hours),Sampling duration (hours),Start latitude (degrees),Start longitude (degrees),End latitude (degrees),End longitude (degrees),Sampling distance (km),Sampling width (km),Sampling area (km2),Sampling depth (km),Wind speed (Knots),Sea state (Beaufort),Vessel speed (knots),Observations
1,0.0,Manta trawl,RV Ocean Starr,25,7,2015,22.30,22.73,0.43,33.1932,-128.7879,33.1795,-128.8071,2.36,0.0009,0.0021195,0.00015,10,3,3,
2,0.1,Mega trawl,RV Ocean Starr,25,7,2015,21.50,23.05,1.55,33.2135,-128.75,33.1656333333333,-128.83,9.156,0.006,0.054936,0.001,10,3,3,
3,1.1,Manta trawl,RV Ocean Starr,27,7,2015,15.72,18.48,2.77,29.0751,-133.9640,29.0695,-134.1250,15.66,0.0009,0.01409337,0.00015,14,4,3,
4,1.2,Manta trawl,RV Ocean Starr,27,7,2015,15.80,18.38,2.58,29.0748,-133.9680,29.0693,-134.1180,14.59,0.0009,0.01313172,0.00015,14,4,3,
5,1.3,Mega trawl,RV Ocean Starr,27,7,2015,15.57,19.22,3.65,29.0760,-133.9555,29.0687,-134.1570,19.62,0.006,0.117729433727637,0.001,14,4,3,
6,1.4,Mega trawl,RV Ocean Starr,27,7,2015,15.08,18.82,3.73,29.0780,-133.9302,29.0693,-134.1440,20.82,0.006,0.124942344437078,0.001,14,4,3,
7,2.1,Manta trawl,RV Ocean Starr,27,7,2015,21.82,0.32,2.50,29.0563,-134.4960,29.0577,-134.6200,12.05,0.0009,0.01084833,0.00015,18,5,3,
8,2.2,Manta trawl,RV Ocean Starr,27,7,2015,21.27,23.77,2.50,29.0535,-134.4660,29.0579,-134.6150,14.49,0.0009,0.01304217,0.00015,18,5,3,
9,2.3,Mega trawl,RV Ocean Starr,27,7,2015,20.90,0.47,3.57,29.0517,-134.4461,29.0563,-134.6460,19.46,0.006,0.116755606867136,0.001,18,5,3.1,
10,2.4,Mega trawl,RV Ocean Starr,27,7,2015,21.01,0.13,3.12,29.0531,-134.4597,29.0573,-134.6290,16.48,0.006,0.098887470764268,0.001,18,5,3.1,
11,3.1,Manta trawl,RV Ocean Starr,28,7,2015,3.13,5.62,2.48,29.0133,-135.0340,29.0053,-135.1750,13.74,0.0009,0.01236636,0.00015,20,5,3,
12,3.2,Manta trawl,RV Ocean Starr,28,7,2015,3.10,5.73,2.63,29.0133,-135.0330,29.0047,-135.1820,14.52,0.0009,0.01306926,0.00015,20,5,3,
13,3.3,Mega trawl,RV Ocean Starr,28,7,2015,2.70,6.35,3.65,29.0139,-135.0127,28.9997,-135.2110,19.37,0.006,0.116221575078949,0.001,20,5,3,
14,3.4,Mega trawl,RV Ocean Starr,28,7,2015,2.95,5.98,3.03,29.0136,-135.0247,29.0029,-135.1950,16.62,0.006,0.0997331568238734,0.001,20,5,3,
15,4.1,Manta trawl,RV Ocean Starr,28,7,2015,8.77,11.90,3.13,29.0002,-135.5960,28.9813,-135.7710,17.15,0.0009,0.01543491,0.00015,18,4,3,
16,4.2,Manta trawl,RV Ocean Starr,28,7,2015,8.78,11.77,2.98,29.0001,-135.5970,28.9825,-135.7630,16.26,0.0009,0.01463742,0.00015,18,4,3,
17,4.3,Mega trawl,RV Ocean Starr,28,7,2015,9.20,12.10,2.90,28.9964,-135.6195,28.9799,-135.7790,15.64,0.006,0.0938357287671042,0.001,18,4,3,
18,4.4,Mega trawl,RV Ocean Starr,28,7,2015,8.95,12.47,3.52,28.9988,-135.6067,28.9755,-135.7950,18.52,0.006,0.111108773503297,0.001,18,4,3,
19,5.1,Manta trawl,RV Ocean Starr,28,7,2015,14.68,17.77,3.08,29.0040,-136.1710,29.0120,-136.3390,16.36,0.0009,0.01472517,0.00015,16,4,3,
20,5.2,Manta trawl,RV Ocean Starr,28,7,2015,14.95,17.70,2.75,29.0050,-136.1840,29.0115,-136.3350,14.70,0.0009,0.01323189,0.00015,16,4,3,
21,5.3,Mega trawl,RV Ocean Starr,28,7,2015,15.05,17.97,2.92,29.0054,-136.1891,29.0121,-136.3470,15.39,0.006,0.0923416493124402,0.001,16,4,3,
22,5.4,Mega trawl,RV Ocean Starr,28,7,2015,14.80,18.32,3.52,29.0044,-136.1762,29.0146,-136.3630,18.22,0.006,0.109326012216937,0.001,16,4,3,
23,6.1,Manta trawl,RV Ocean Starr,28,7,2015,20.58,23.60,3.02,28.9958,-136.7600,29.0183,-136.9310,16.82,0.0009,0.01513377,0.00015,20,4,3,
24,6.2,Manta trawl,RV Ocean Starr,28,7,2015,20.62,23.50,2.88,28.9958,-136.7620,29.0188,-136.9250,16.06,0.0009,0.0144495,0.00015,20,4,3,
25,6.3,Mega trawl,RV Ocean Starr,28,7,2015,21.00,0.47,3.47,28.9995,-136.7823,29.0173,-136.9420,15.67,0.006,0.0940394440009668,0.001,20,4,3,
26,6.4,Mega trawl,RV Ocean Starr,28,7,2015,20.73,0.14,3.41,28.9971,-136.7676,29.0177,-136.9580,18.68,0.006,0.112066474811316,0.001,20,4,3,
27,7.1,Manta trawl,RV Ocean Starr,29,7,2015,2.55,5.72,3.17,29.0067,-137.3640,29.0088,-137.5380,16.92,0.0009,0.01523025,0.00015,15,4,3,
28,7.2,Manta trawl,RV Ocean Starr,29,7,2015,2.53,5.63,3.10,29.0064,-137.3640,29.0096,-137.5350,16.63,0.0009,0.01496952,0.00015,15,4,3,
29,7.3,Mega trawl,RV Ocean Starr,29,7,2015,3.07,6.00,2.93,29.0102,-137.3938,29.0072,-137.5510,15.31,0.006,0.0918461690111976,0.001,15,4,3,
30,7.4,Mega trawl,RV Ocean Starr,29,7,2015,2.67,6.35,3.68,29.0081,-137.3713,29.0063,-137.5640,18.76,0.006,0.112568764933285,0.001,15,4,3,
31,8.1,Manta trawl,RV Ocean Starr,29,7,2015,8.53,11.57,3.03,29.0012,-137.9440,29.0007,-138.1200,17.12,0.0009,0.01540485,0.00015,15,4,3,
32,8.2,Manta trawl,RV Ocean Starr,29,7,2015,8.50,11.50,3.00,29.0012,-137.9420,29.0012,-138.1150,16.82,0.0009,0.01514214,0.00015,15,4,3,
33,8.3,Mega trawl,RV Ocean Starr,29,7,2015,9.00,11.77,2.77,29.0040,-137.9732,29.0002,-138.1290,15.17,0.006,0.0910477311134664,0.001,15,4,3,
34,8.4,Mega trawl,RV Ocean Starr,29,7,2015,8.60,12.15,3.55,29.0017,-137.9503,29.0017,-138.1500,19.44,0.006,0.116657479935197,0.001,15,4,3,
35,9.1,Manta trawl,RV Ocean Starr,29,7,2015,14.12,17.00,2.88,29.0001,-138.4920,29.0000,-138.6390,14.30,0.0009,0.01286658,0.00015,15,4,3,
36,9.2,Manta trawl,RV Ocean Starr,29,7,2015,14.08,17.08,3.00,29.0003,-138.4900,29.0000,-138.6450,15.07,0.0009,0.01356687,0.00015,15,4,3,
37,9.3,Mega trawl,RV Ocean Starr,29,7,2015,14.55,17.27,2.72,28.9992,-138.5096,29.0000,-138.6520,13.86,0.006,0.083188314098544,0.001,15,4,3,
38,9.4,Mega trawl,RV Ocean Starr,29,7,2015,14.23,17.53,3.30,28.9993,-138.4982,29.0006,-138.6630,16.05,0.006,0.0962757178910376,0.001,15,4,3,
39,10.1,Manta trawl,RV Ocean Starr,29,7,2015,20.02,23.00,2.98,28.9990,-139.0900,29.0015,-139.2450,15.08,0.0009,0.01356912,0.00015,15,4,2.8,
40,10.2,Manta trawl,RV Ocean Starr,29,7,2015,20.00,22.85,2.85,28.9993,-139.0890,29.0027,-139.2370,14.40,0.0009,0.01295838,0.00015,15,4,2.8,
41,10.3,Mega trawl,RV Ocean Starr,29,7,2015,20.37,23.08,2.72,29.0002,-139.1087,29.0110,-139.2500,13.81,0.006,0.0828538248912024,0.001,15,4,2.8,
42,10.4,Mega trawl,RV Ocean Starr,29,7,2015,20.67,23.45,2.78,29.0002,-139.1222,29.0007,-139.2640,13.81,0.006,0.0828360847362564,0.001,15,4,2.8,
43,11.1,Manta trawl,RV Ocean Starr,29,7,2015,2.13,5.03,2.90,29.0055,-139.7400,29.0313,-139.8890,14.77,0.0009,0.01329246,0.00015,12,4,2.7,
44,11.2,Manta trawl,RV Ocean Starr,29,7,2015,2.10,5.00,2.90,29.0054,-139.7390,29.0146,-139.8870,14.43,0.0009,0.01298574,0.00015,12,4,2.7,
45,11.3,Mega trawl,RV Ocean Starr,29,7,2015,2.53,5.15,2.62,29.0093,-139.7583,29.0304,-139.8961,13.46,0.006,0.08076,0.001,12,4,3,
46,11.4,Mega trawl,RV Ocean Starr,29,7,2015,2.22,5.43,3.22,29.0059,-139.7450,29.0291,-139.9227,17.60,0.006,0.1056,0.001,12,4,3,
47,12.1,Manta trawl,RV Ocean Starr,30,7,2015,7.97,11.48,3.52,28.9975,-140.3610,29.0018,-140.5620,19.55,0.0009,0.01759842,0.00015,15,4,3,
48,12.2,Manta trawl,RV Ocean Starr,30,7,2015,7.95,11.45,3.50,28.9979,-140.3570,29.0014,-140.5590,19.65,0.0009,0.01768419,0.00015,15,4,3,
49,12.3,Mega trawl,RV Ocean Starr,30,7,2015,8.50,11.65,3.15,28.9948,-140.3931,29.0016,-140.5710,17.34,0.006,0.104025431281244,0.001,15,4,3,
50,12.4,Mega trawl,RV Ocean Starr,30,7,2015,8.23,11.98,3.75,28.9954,-140.3771,29.0015,-140.5860,20.35,0.006,0.122103614452095,0.001,15,4,3,
51,13.1,Manta trawl,RV Ocean Starr,30,7,2015,14.02,17.52,3.50,29.0059,-140.9600,28.9942,-141.1670,19.64,0.0009,0.017676,0.00015,10,3,3,
52,13.2,Manta trawl,RV Ocean Starr,30,7,2015,14.00,17.50,3.50,29.0056,-140.9570,28.9942,-141.1660,19.64,0.0009,0.017676,0.00015,10,3,3,
53,13.3,Mega trawl,RV Ocean Starr,30,7,2015,14.78,17.78,3.00,29.0058,-141.0028,28.9929,-141.1780,17.12,0.006,0.102709833136556,0.001,10,3,3,
54,13.4,Mega trawl,RV Ocean Starr,30,7,2015,14.38,18.15,3.77,29.0063,-140.9847,28.9928,-141.1970,20.72,0.006,0.124347871944295,0.001,10,3,3,
55,14.1,Manta trawl,RV Ocean Starr,30,7,2015,20.17,22.63,2.47,28.9980,-141.5390,29.0038,-141.6790,13.63,0.0009,0.0122679,0.00015,15,4,3,
56,14.2,Manta trawl,RV Ocean Starr,30,7,2015,20.12,22.58,2.47,28.9979,-141.5330,29.0038,-141.6760,13.92,0.0009,0.01253061,0.00015,15,4,3,
57,14.3,Mega trawl,RV Ocean Starr,30,7,2015,20.53,22.88,2.35,28.9982,-141.5563,29.0043,-141.6930,13.33,0.006,0.0799593922611312,0.001,15,4,3,
58,14.4,Mega trawl,RV Ocean Starr,30,7,2015,20.25,23.25,3.00,28.9987,-141.5427,29.0040,-141.7100,16.30,0.006,0.0977950024826118,0.001,15,4,3,
59,15.1,Manta trawl,RV Ocean Starr,31,7,2015,2.03,5.50,3.47,29.0065,-142.2150,29.0056,-142.3970,17.70,0.0009,0.01592946,0.00015,10,4,2.7,
60,15.2,Manta trawl,RV Ocean Starr,31,7,2015,2.02,5.47,3.45,29.0067,-142.2140,29.0058,-142.3960,17.70,0.0009,0.01592937,0.00015,10,4,2.7,
61,15.3,Mega trawl,RV Ocean Starr,31,7,2015,2.65,5.63,2.98,29.0062,-142.2461,29.0051,-142.4030,15.28,0.006,0.0916547218599354,0.001,10,4,3,
62,15.4,Mega trawl,RV Ocean Starr,31,7,2015,2.37,5.93,3.57,29.0059,-142.2314,29.0046,-142.4130,17.68,0.006,0.10608402978808,0.001,10,4,3,
63,16.1,Manta trawl,RV Ocean Starr,31,7,2015,8.58,11.52,2.93,29.0118,-142.8920,29.0011,-143.0540,15.90,0.0009,0.01431,0.00015,12,4,3,
64,16.2,Manta trawl,RV Ocean Starr,31,7,2015,8.55,11.45,2.90,29.0116,-142.8910,29.0018,-143.0510,15.74,0.0009,0.014166,0.00015,12,4,3,
65,16.3,Mega trawl,RV Ocean Starr,31,7,2015,8.77,11.63,2.87,29.0141,-142.9026,29.0003,-143.0590,15.30,0.006,0.0918221284278024,0.001,12,4,3,
66,16.4,Mega trawl,RV Ocean Starr,31,7,2015,8.50,11.88,3.38,29.0119,-142.8596,28.9998,-143.0710,20.35,0.006,0.1221,0.001,12,4,3,
67,17.1,Manta trawl,RV Ocean Starr,31,7,2015,14.12,17.15,3.03,28.9967,-143.4560,28.9826,-143.6250,16.51,0.0009,0.01486125,0.00015,10,3,3,
68,17.2,Manta trawl,RV Ocean Starr,31,7,2015,14.10,17.10,3.00,28.9972,-143.4550,28.9829,-143.6220,16.32,0.0009,0.01468845,0.00015,10,3,3,
69,17.3,Mega trawl,RV Ocean Starr,31,7,2015,14.27,17.33,3.07,28.9957,-143.4635,28.9816,-143.6330,16.58,0.006,0.0994750423174422,0.001,10,3,3,
70,17.4,Mega trawl,RV Ocean Starr,31,7,2015,14.68,17.70,3.02,28.9938,-143.4812,28.9812,-143.6510,16.59,0.006,0.0995609382713196,0.001,10,3,3,
71,18.1,Manta trawl,RV Ocean Starr,1,8,2015,7.97,11.48,3.52,30.0013,-142.8040,30.0382,-142.6430,16.70,0.0009,0.01503,0.00015,18,4,2.8,
72,18.2,Manta trawl,RV Ocean Starr,1,8,2015,7.95,11.42,3.47,30.0008,-142.8060,30.0366,-142.6460,16.60,0.0009,0.01494,0.00015,18,4,2.8,
73,18.3,Mega trawl,RV Ocean Starr,1,8,2015,8.60,11.72,3.12,30.0071,-142.7966,30.0432,-142.6330,16.69,0.006,0.10014,0.001,18,4,2.8,
74,18.4,Mega trawl,RV Ocean Starr,1,8,2015,8.12,11.03,2.92,30.0005,-142.7974,30.0466,-142.6200,18.93,0.006,0.11358,0.001,18,4,2.8,
75,19.1,Manta trawl,RV Ocean Starr,1,8,2015,14.03,17.23,3.20,30.0092,-142.3360,30.0061,-142.2056,13.40,0.0009,0.01206,0.00015,10,4,2.3,
76,19.2,Manta trawl,RV Ocean Starr,1,8,2015,14.02,17.02,3.00,30.0112,-142.3380,30.0018,-142.2140,12.40,0.0009,0.01116,0.00015,10,4,2.3,
77,19.3,Mega trawl,RV Ocean Starr,1,8,2015,14.35,17.42,3.07,30.0179,-142.3277,30.0108,-142.2010,12.24,0.006,0.0734301518009004,0.001,10,4,2.3,
78,19.4,Mega trawl,RV Ocean Starr,1,8,2015,14.13,17.68,3.55,30.0123,-142.3325,30.0097,-142.1940,13.35,0.006,0.0801229115041056,0.001,10,4,2.3,
79,20.1,Manta trawl,RV Ocean Starr,1,8,2015,20.07,23.80,3.73,29.9873,-141.8460,30.0074,-141.7060,14.70,0.0009,0.01323,0.00015,15,4,2.4,
80,20.2,Manta trawl,RV Ocean Starr,1,8,2015,20.05,23.72,3.67,29.9850,-141.8460,30.0054,-141.7050,14.50,0.0009,0.01305,0.00015,15,4,2.4,
81,20.3,Mega trawl,RV Ocean Starr,1,8,2015,20.68,23.98,3.30,29.9933,-141.8351,30.0117,-141.7030,12.90,0.006,0.0773911026246708,0.001,15,4,2.4,
82,20.4,Mega trawl,RV Ocean Starr,1,8,2015,20.30,0.32,4.02,29.9933,-141.8411,30.0196,-141.6948,14.40,0.006,0.0864233113375764,0.001,15,4,2.4,
83,21.1,Manta trawl,RV Ocean Starr,2,8,2015,2.18,5.53,3.35,29.9991,-141.4300,30.0060,-141.2800,14.46,0.0009,0.01301814,0.00015,10,4,2.6,
84,21.2,Manta trawl,RV Ocean Starr,2,8,2015,2.13,5.45,3.32,29.9992,-141.4320,30.0059,-141.2840,14.27,0.0009,0.0128439,0.00015,10,4,2.6,
85,21.3,Mega trawl,RV Ocean Starr,2,8,2015,2.60,5.80,3.20,30.0010,-141.4143,30.0034,-141.2700,13.91,0.006,0.0834814237043262,0.001,10,4,2.6,
86,21.4,Mega trawl,RV Ocean Starr,2,8,2015,2.25,6.10,3.85,29.9990,-141.4269,29.9983,-141.2610,15.99,0.006,0.0959644775884428,0.001,10,4,2.6,
87,22.1,Manta trawl,RV Ocean Starr,2,8,2015,8.47,11.55,3.08,30.0003,-140.8890,30.0037,-140.7370,14.64,0.0009,0.01317771,0.00015,7,3,2.7,
88,22.2,Manta trawl,RV Ocean Starr,2,8,2015,8.58,11.45,2.87,30.0002,-140.8850,30.0017,-140.7410,13.87,0.0009,0.01248102,0.00015,7,3,2.7,
89,22.3,Mega trawl,RV Ocean Starr,2,8,2015,8.75,11.85,3.10,30.0000,-140.8786,30.0035,-140.7260,14.72,0.006,0.0882982700549196,0.001,7,3,2.7,
90,22.4,Mega trawl,RV Ocean Starr,2,8,2015,8.57,12.13,3.57,30.0002,-140.8850,29.9997,-140.7180,16.10,0.006,0.096598935374154,0.001,7,3,2.7,
91,24.1,Manta trawl,RV Ocean Starr,2,8,2015,20.05,23.63,3.58,29.9739,-139.9160,29.9887,-139.7520,16.90,0.0009,0.01521,0.00015,7,3,2,
92,24.2,Manta trawl,RV Ocean Starr,2,8,2015,20.08,23.52,3.43,29.9739,-139.9140,29.9884,-139.7570,15.21,0.0009,0.01368657,0.00015,7,3,2,
93,24.3,Mega trawl,RV Ocean Starr,2,8,2015,20.55,23.77,3.22,29.9769,-139.8945,29.9888,-139.7470,14.28,0.006,0.0857029680024186,0.001,7,3,2,
94,24.4,Mega trawl,RV Ocean Starr,2,8,2015,20.30,23.98,3.68,29.9734,-139.9032,29.9878,-139.7400,15.82,0.006,0.094907319466812,0.001,7,3,2,
95,25.1,Manta trawl,RV Ocean Starr,3,8,2015,2.02,5.53,3.52,30.0081,-139.4280,29.9887,-139.2760,15.05,0.0009,0.013545,0.00015,5,2,2.4,
96,25.2,Manta trawl,RV Ocean Starr,3,8,2015,1.97,5.37,3.40,30.0081,-139.4320,29.9893,-139.2800,15.00,0.0009,0.0135,0.00015,5,2,2.4,
97,25.3,Mega trawl,RV Ocean Starr,3,8,2015,2.47,5.70,3.23,30.0134,-139.4150,29.9887,-139.2710,14.15,0.006,0.0849115495184982,0.001,5,2,2.4,
98,25.4,Mega trawl,RV Ocean Starr,3,8,2015,2.10,6.00,3.90,30.0077,-139.4235,29.9859,-139.2620,15.76,0.006,0.0945478495814856,0.001,5,2,2.4,
99,26.1,Manta trawl,RV Ocean Starr,3,8,2015,8.47,11.53,3.07,30.0011,-138.8590,30.0001,-138.6940,15.89,0.0009,0.01430046,0.00015,15,3,2.7,
100,26.2,Manta trawl,RV Ocean Starr,3,8,2015,8.45,11.42,2.97,30.0008,-138.8600,29.9999,-138.6990,15.50,0.0009,0.01395378,0.00015,15,3,2.7,
101,26.3,Mega trawl,RV Ocean Starr,3,8,2015,8.78,11.72,2.93,30.0024,-138.8478,29.9991,-138.6880,15.41,0.006,0.092459169700671,0.001,15,3,2.7,
102,26.4,Mega trawl,RV Ocean Starr,3,8,2015,8.55,11.97,3.42,30.0013,-138.8561,29.9968,-138.6800,16.98,0.006,0.101907356857346,0.001,15,3,2.7,
103,27.1,Manta trawl,RV Ocean Starr,3,8,2015,14.05,17.63,3.58,30.0003,-138.3310,29.9745,-138.1440,18.24,0.0009,0.01641438,0.00015,10,3,2.8,
104,27.2,Manta trawl,RV Ocean Starr,3,8,2015,14.00,17.48,3.48,29.9994,-138.3340,29.9750,-138.1530,17.64,0.0009,0.01587807,0.00015,10,3,2.8,
105,27.3,Mega trawl,RV Ocean Starr,3,8,2015,14.15,18.13,3.98,30.0037,-138.3272,29.9667,-138.1320,19.27,0.006,0.115599412499718,0.001,10,3,2.8,
106,27.4,Mega trawl,RV Ocean Starr,3,8,2015,14.37,17.90,3.53,30.0079,-138.3200,29.9713,-138.1360,18.20,0.006,0.109213865443345,0.001,10,3,2.8,
107,28.1,Manta trawl,RV Ocean Starr,3,8,2015,20.55,23.63,3.08,29.9909,-137.8210,30.0085,-137.6800,13.72,0.0009,0.0123453,0.00015,15,5,2.5,
108,28.2,Manta trawl,RV Ocean Starr,3,8,2015,20.52,23.58,3.07,29.9906,-137.8220,30.0073,-137.6820,13.61,0.0009,0.01224819,0.00015,15,5,2.5,
109,28.3,Mega trawl,RV Ocean Starr,3,8,2015,20.80,23.77,2.97,29.9969,-137.8133,30.0102,-137.6760,13.32,0.006,0.0799112985952002,0.001,15,5,2,
110,28.4,Mega trawl,RV Ocean Starr,3,8,2015,20.62,0.10,3.48,29.9922,-137.8185,30.0081,-137.6650,14.90,0.006,0.0894221843250906,0.001,15,5,2,
111,29.1,Manta trawl,RV Ocean Starr,4,8,2015,2.02,5.10,3.08,29.9967,-137.3760,30.0047,-137.2320,13.90,0.0009,0.01250577,0.00015,10,3,2.6,
112,29.2,Manta trawl,RV Ocean Starr,4,8,2015,1.98,5.00,3.02,29.9965,-137.3760,30.0036,-137.2350,13.60,0.0009,0.01224099,0.00015,10,3,2.6,
113,29.3,Mega trawl,RV Ocean Starr,4,8,2015,2.35,5.17,2.82,30.0006,-137.3613,30.0052,-137.2250,13.15,0.006,0.0788979601348968,0.001,10,3,2.6,
114,29.4,Mega trawl,RV Ocean Starr,4,8,2015,2.10,5.47,3.37,29.9961,-137.3705,30.0041,-137.2170,14.83,0.006,0.0889500110456682,0.001,10,3,2.6,
115,30.1,Manta trawl,RV Ocean Starr,4,8,2015,8.48,11.50,3.02,30.0058,-136.7360,30.0004,-136.5830,14.75,0.0009,0.01327077,0.00015,17,4,2.8,
116,30.2,Manta trawl,RV Ocean Starr,4,8,2015,8.47,11.42,2.95,30.0052,-136.7370,30.0010,-136.5870,14.45,0.0009,0.01300653,0.00015,17,4,2.8,
117,30.3,Mega trawl,RV Ocean Starr,4,8,2015,8.83,11.65,2.82,30.0110,-136.7254,29.9988,-136.5780,14.27,0.006,0.08564533731342,0.001,17,4,2.8,
118,30.4,Mega trawl,RV Ocean Starr,4,8,2015,8.57,11.88,3.32,30.0071,-136.7336,29.9957,-136.5710,15.73,0.006,0.0943595915486826,0.001,17,4,2.8,
119,31.1,Manta trawl,RV Ocean Starr,4,8,2015,14.57,17.57,3.00,29.9969,-136.1500,30.0012,-135.9970,14.74,0.0009,0.01326735,0.00015,10,3,2.8,
120,31.2,Manta trawl,RV Ocean Starr,4,8,2015,14.53,17.50,2.97,29.9968,-136.1520,30.0012,-136.0000,14.65,0.0009,0.01318113,0.00015,10,3,2.8,
121,31.3,Mega trawl,RV Ocean Starr,4,8,2015,14.82,17.68,2.87,29.9972,-136.1389,30.0013,-135.9910,14.27,0.006,0.0855947048749986,0.001,10,3,2.8,
122,31.4,Mega trawl,RV Ocean Starr,4,8,2015,14.63,18.03,3.40,29.9972,-136.1465,29.9962,-135.9780,16.25,0.006,0.0974714880863418,0.001,10,3,2.8,
123,32.1,Manta trawl,RV Ocean Starr,4,8,2015,20.55,23.53,2.98,30.0227,-135.5640,30.0126,-135.4090,14.97,0.0009,0.01346922,0.00015,10,3,2.7,
124,32.2,Manta trawl,RV Ocean Starr,4,8,2015,20.53,23.48,2.95,30.0227,-135.5670,30.0126,-135.4110,15.06,0.0009,0.01355553,0.00015,10,3,2.7,
125,32.3,Mega trawl,RV Ocean Starr,4,8,2015,20.80,23.82,3.02,30.0223,-135.5549,30.0119,-135.3980,15.17,0.006,0.091005983022054,0.001,10,3,2.7,
126,32.4,Mega trawl,RV Ocean Starr,4,8,2015,20.63,0.07,3.43,30.0226,-135.5613,30.0077,-135.3910,16.50,0.006,0.098993608241241,0.001,10,3,2.7,
127,33.1,Manta trawl,RV Ocean Starr,5,8,2015,2.53,5.52,2.98,29.9968,-134.9770,30.0120,-134.8210,15.12,0.0009,0.01360539,0.00015,5,3,2.8,
128,33.2,Manta trawl,RV Ocean Starr,5,8,2015,2.52,5.43,2.92,29.9967,-134.9790,30.0117,-134.8240,15.02,0.0009,0.01351692,0.00015,5,3,2.8,
129,33.3,Mega trawl,RV Ocean Starr,5,8,2015,2.78,5.68,2.90,30.0167,-134.9688,30.0125,-134.8170,14.64,0.006,0.0878380150296714,0.001,5,3,2.8,
130,33.4,Mega trawl,RV Ocean Starr,5,8,2015,2.60,6.05,3.45,29.9974,-134.9752,30.0107,-134.8040,16.57,0.006,0.0994213418858346,0.001,5,3,2.8,
131,34.1,Manta trawl,RV Ocean Starr,5,8,2015,8.52,11.53,3.02,30.0029,-134.3620,30.0021,-134.1980,15.79,0.0009,0.01421334,0.00015,15,3,3,
132,34.2,Manta trawl,RV Ocean Starr,5,8,2015,8.50,11.45,2.95,30.0028,-134.3640,30.0021,-134.2030,15.50,0.0009,0.01395333,0.00015,15,3,3,
133,34.3,Mega trawl,RV Ocean Starr,5,8,2015,8.83,11.78,2.95,30.0022,-134.3491,30.0015,-134.1880,15.53,0.006,0.0931849910754786,0.001,15,3,3,
134,34.4,Mega trawl,RV Ocean Starr,5,8,2015,8.58,12.07,3.48,30.0026,-134.3586,29.9991,-134.1780,17.42,0.006,0.104490255215297,0.001,15,3,3,
135,35.1,Manta trawl,RV Ocean Starr,5,8,2015,20.62,23.60,2.98,31.0004,-134.1670,30.9996,-134.3330,15.82,0.0009,0.01423989,0.00015,nan,2,3.1,
136,35.2,Manta trawl,RV Ocean Starr,5,8,2015,20.60,23.62,3.02,31.0000,-134.1710,31.0001,-134.3290,15.06,0.0009,0.01355346,0.00015,nan,2,3.1,
137,35.3,Mega trawl,RV Ocean Starr,5,8,2015,20.93,23.78,2.85,31.0002,-134.1877,30.9988,-134.3400,14.53,0.006,0.0871997369945304,0.001,nan,2,3.1,
138,35.4,Mega trawl,RV Ocean Starr,5,8,2015,20.70,0.08,3.38,31.0003,-134.1750,30.9962,-134.3500,16.70,0.006,0.100229643984265,0.001,nan,2,3.1,
139,36.1,Manta trawl,RV Ocean Starr,6,8,2015,2.50,5.52,3.02,30.9938,-134.7510,31.0000,-134.9240,16.50,0.0009,0.01485369,0.00015,10,2,2.9,
140,36.2,Manta trawl,RV Ocean Starr,6,8,2015,2.47,5.45,2.98,30.9939,-134.7500,31.0000,-134.9200,16.22,0.0009,0.01459602,0.00015,10,2,2.9,
141,36.3,Mega trawl,RV Ocean Starr,6,8,2015,2.78,5.75,2.97,30.9958,-134.7621,31.0002,-134.9330,16.31,0.006,0.097889248169349,0.001,10,2,2.9,
142,36.4,Mega trawl,RV Ocean Starr,6,8,2015,2.58,6.02,3.43,30.9946,-134.7550,31.0009,-134.9430,17.95,0.006,0.107717860190215,0.001,10,2,2.9,
143,37.1,Manta trawl,RV Ocean Starr,6,8,2015,8.48,11.52,3.03,31.0002,-135.3250,30.9991,-135.4870,15.44,0.0009,0.01389708,0.00015,15,3,2.8,
144,37.2,Manta trawl,RV Ocean Starr,6,8,2015,8.47,11.43,2.97,31.0001,-135.3240,30.9997,-135.4820,15.06,0.0009,0.01355355,0.00015,15,3,2.8,
145,37.3,Mega trawl,RV Ocean Starr,6,8,2015,8.90,11.78,2.88,31.0045,-135.3443,30.9966,-135.4990,14.79,0.006,0.088724833741065,0.001,15,3,2.8,
146,37.4,Mega trawl,RV Ocean Starr,6,8,2015,8.62,12.03,3.42,31.0009,-135.3320,30.9958,-135.5090,16.90,0.006,0.101394409888783,0.001,15,3,2.8,
147,38.1,Manta trawl,RV Ocean Starr,6,8,2015,14.52,17.52,3.00,31.0083,-135.8630,30.9915,-136.0200,15.08,0.0009,0.0135729,0.00015,15,4,3,
148,38.2,Manta trawl,RV Ocean Starr,6,8,2015,14.48,17.42,2.93,31.0098,-135.8620,30.9926,-136.0150,14.71,0.0009,0.01323765,0.00015,15,4,3,
149,38.3,Mega trawl,RV Ocean Starr,6,8,2015,14.87,17.67,2.80,30.9969,-135.8779,30.9867,-136.0260,14.18,0.006,0.0850702218272622,0.001,15,4,3,
150,38.4,Mega trawl,RV Ocean Starr,6,8,2015,14.58,17.95,3.37,31.0056,-135.8665,30.9814,-136.0370,16.49,0.006,0.0989498152176912,0.001,15,4,3,
151,39.1,Manta trawl,RV Ocean Starr,6,8,2015,20.57,23.55,2.98,30.9954,-136.2470,30.9811,-136.3920,13.91,0.0009,0.01252215,0.00015,15,4,2.9,
152,39.2,Manta trawl,RV Ocean Starr,6,8,2015,20.52,23.48,2.97,30.9973,-136.2460,30.9994,-136.3910,13.82,0.0009,0.01244034,0.00015,15,4,2.9,
153,39.3,Mega trawl,RV Ocean Starr,6,8,2015,20.85,23.80,2.95,30.9851,-136.2561,30.9742,-136.3960,13.41,0.006,0.08044227282891,0.001,15,4,2.9,
154,39.4,Mega trawl,RV Ocean Starr,6,8,2015,20.63,0.22,3.58,30.9928,-136.2498,30.9627,-136.4090,15.56,0.006,0.0933563170576224,0.001,15,4,2.9,
155,41.1,Manta trawl,RV Ocean Starr,7,8,2015,8.53,11.58,3.05,30.9948,-137.3150,30.9688,-137.4310,12.00,0.0009,0.0108,0.00015,18,4,2.8,
156,41.2,Manta trawl,RV Ocean Starr,7,8,2015,8.52,11.47,2.95,30.9959,-137.3140,30.9714,-137.4280,11.70,0.0009,0.01053,0.00015,18,4,2.8,
157,41.3,Mega trawl,RV Ocean Starr,7,8,2015,10.03,11.67,1.63,30.9666,-137.3554,30.9651,-137.4360,7.70,0.006,0.0461722227510586,0.001,18,4,2.8,"Mega 1: problems during deployment, needed 1h 15min to fix while ship was drifting of the course due to weather conditions"
158,41.4,Mega trawl,RV Ocean Starr,7,8,2015,8.68,11.98,3.30,30.9898,-137.3188,30.9588,-137.4460,13.22,0.006,0.07932,0.001,18,4,2.8,"Mega 2: during the 1h 15min of delayed Mega 1 deployment, Mega 2 was trawling with 2knots"
159,42.1,Manta trawl,RV Ocean Starr,7,8,2015,14.52,17.60,3.08,31.0105,-137.8190,30.9848,-137.9770,15.33,0.0009,0.01379601,0.00015,11,4,3,
160,42.2,Manta trawl,RV Ocean Starr,7,8,2015,14.48,17.53,3.05,31.0100,-137.8170,30.9861,-137.9730,15.10,0.0009,0.01359369,0.00015,11,4,3,
161,42.3,Mega trawl,RV Ocean Starr,7,8,2015,15.25,17.82,2.57,30.9974,-137.8431,30.9803,-137.9860,13.77,0.006,0.0826154727685422,0.001,11,4,3,
162,42.4,Mega trawl,RV Ocean Starr,7,8,2015,14.97,18.15,3.18,31.0041,-137.8321,30.9758,-137.9950,15.86,0.006,0.0951687782768994,0.001,11,4,3,
163,43.1,Manta trawl,RV Ocean Starr,7,8,2015,20.55,23.57,3.02,31.0146,-138.3990,30.9990,-138.5650,15.92,0.0009,0.01432404,0.00015,15,4,2.7,
164,43.2,Manta trawl,RV Ocean Starr,7,8,2015,20.50,23.50,3.00,31.0160,-138.3970,31.0000,-138.5630,15.92,0.0009,0.01432827,0.00015,15,4,2.7,
165,43.3,Mega trawl,RV Ocean Starr,7,8,2015,20.82,23.82,3.00,31.0063,-138.4099,30.9952,-138.5710,15.42,0.006,0.0925291806006276,0.001,15,4,2.7,
166,43.4,Mega trawl,RV Ocean Starr,7,8,2015,20.62,0.22,3.60,31.0122,-138.4020,30.9912,-138.5840,17.52,0.006,0.105135970673258,0.001,15,4,2.7,
167,44.1,Manta trawl,RV Ocean Starr,8,8,2015,2.58,5.52,2.93,31.0063,-138.9510,30.9964,-139.0860,12.91,0.0009,0.01162269,0.00015,20,4,3,
168,44.2,Manta trawl,RV Ocean Starr,8,8,2015,2.55,5.45,2.90,31.0074,-138.9500,30.9987,-139.0840,12.81,0.0009,0.0115272,0.00015,20,4,3,
169,44.3,Mega trawl,RV Ocean Starr,8,8,2015,2.95,5.70,2.75,31.0008,-138.9651,30.9918,-139.0900,11.96,0.006,0.0717623024622282,0.001,20,4,3,
170,44.4,Mega trawl,RV Ocean Starr,8,8,2015,2.70,6.02,3.32,31.0045,-138.9558,30.9838,-139.0950,13.48,0.006,0.0808895272386762,0.001,20,4,3,
171,45.1,Manta trawl,RV Ocean Starr,8,8,2015,8.52,11.62,3.10,30.9945,-139.4770,30.9935,-139.6220,13.82,0.0009,0.01243944,0.00015,18,4,2.8,
172,45.2,Manta trawl,RV Ocean Starr,8,8,2015,8.50,11.50,3.00,30.9945,-139.4770,30.9935,-139.6220,13.82,0.0009,0.01243944,0.00015,18,4,2.8,
173,45.3,Mega trawl,RV Ocean Starr,8,8,2015,8.83,11.75,2.92,30.9859,-139.4839,30.9897,-139.6240,13.38,0.006,0.080259967009872,0.001,18,4,2.8,
174,45.4,Mega trawl,RV Ocean Starr,8,8,2015,8.60,12.03,3.43,30.9921,-139.4786,30.9834,-139.6300,14.48,0.006,0.0868846688758212,0.001,18,4,2.8,
175,46.1,Manta trawl,RV Ocean Starr,8,8,2015,14.58,17.63,3.05,31.0129,-139.9990,30.9980,-140.1490,14.39,0.0009,0.01295352,0.00015,14,4,2.7,
176,46.2,Manta trawl,RV Ocean Starr,8,8,2015,14.57,17.52,2.95,31.0159,-139.9980,30.9995,-140.1430,13.94,0.0009,0.01254537,0.00015,14,4,2.7,
177,46.3,Mega trawl,RV Ocean Starr,8,8,2015,14.92,17.77,2.85,31.0040,-140.0087,30.9957,-140.1530,13.80,0.006,0.0828000567142434,0.001,14,4,2.7,
178,46.4,Mega trawl,RV Ocean Starr,8,8,2015,14.67,18.20,3.53,31.0104,-140.0020,30.9887,-140.1660,15.83,0.006,0.0950052303421248,0.001,14,4,2.7,
179,47.1,Manta trawl,RV Ocean Starr,8,8,2015,20.52,23.53,3.02,31.0071,-140.5370,30.9934,-140.6920,14.85,0.0009,0.01336626,0.00015,13,4,3,
180,47.2,Manta trawl,RV Ocean Starr,8,8,2015,20.50,23.43,2.93,31.0074,-140.5360,30.9952,-140.6880,14.55,0.0009,0.01309608,0.00015,13,4,3,
181,47.3,Mega trawl,RV Ocean Starr,8,8,2015,20.83,23.67,2.83,30.9959,-140.5480,30.9892,-140.6980,14.33,0.006,0.0860006951057112,0.001,13,4,3,
182,47.4,Mega trawl,RV Ocean Starr,8,8,2015,20.58,23.92,3.33,31.0046,-140.5398,30.9843,-140.7050,15.93,0.006,0.0955521044845038,0.001,13,4,3,
183,48.1,Manta trawl,RV Ocean Starr,9,8,2015,2.60,5.58,2.98,30.9936,-141.1650,30.9726,-141.3180,14.77,0.0009,0.0132948,0.00015,10,3,3.3,
184,48.2,Manta trawl,RV Ocean Starr,9,8,2015,2.57,5.48,2.92,30.9954,-141.1640,30.9753,-141.3140,14.47,0.0009,0.01302435,0.00015,10,3,3.3,
185,48.3,Mega trawl,RV Ocean Starr,9,8,2015,2.93,5.75,2.82,30.9806,-141.1751,30.9672,-141.3230,14.19,0.006,0.0851699266949538,0.001,10,3,3.3,
186,48.4,Mega trawl,RV Ocean Starr,9,8,2015,2.70,6.03,3.33,30.9891,-141.1687,30.9606,-141.3310,15.81,0.006,0.0948732249263202,0.001,10,3,3.3,
187,49.1,Manta trawl,RV Ocean Starr,9,8,2015,8.52,11.62,3.10,30.9987,-141.7300,30.9961,-141.8730,13.63,0.0009,0.01226988,0.00015,13,3,2.9,
188,49.2,Manta trawl,RV Ocean Starr,9,8,2015,8.50,11.52,3.02,30.9996,-141.7300,30.9814,-141.8700,13.50,0.0009,0.01214775,0.00015,13,3,2.9,
189,49.3,Mega trawl,RV Ocean Starr,9,8,2015,8.80,11.77,2.97,30.9898,-141.7380,30.9935,-141.8790,13.46,0.006,0.080769713754963,0.001,13,3,2.9,
190,49.4,Mega trawl,RV Ocean Starr,9,8,2015,8.60,12.05,3.45,30.9961,-141.7330,30.9919,-141.8870,14.70,0.006,0.0882177046998708,0.001,13,3,2.9,
191,50.1,Manta trawl,RV Ocean Starr,9,8,2015,14.50,17.53,3.03,31.0003,-142.2900,30.9971,-142.4450,14.78,0.0009,0.0133002,0.00015,5,2,2.6,
192,50.2,Manta trawl,RV Ocean Starr,9,8,2015,14.48,17.45,2.97,31.0003,-142.2890,30.9972,-142.4410,14.49,0.0009,0.01304262,0.00015,5,2,2.6,
193,50.3,Mega trawl,RV Ocean Starr,9,8,2015,14.78,17.68,2.90,30.9997,-142.3029,30.9942,-142.4520,14.24,0.006,0.085443949503177,0.001,5,2,2.6,
194,50.4,Mega trawl,RV Ocean Starr,9,8,2015,14.55,17.93,3.38,31.0003,-142.2926,30.9903,-142.4600,16.01,0.006,0.096076434001461,0.001,5,2,2.6,
195,51.1,Manta trawl,RV Ocean Starr,9,8,2015,20.90,23.50,2.60,31.0003,-142.8330,30.9794,-142.9100,10.13,0.0009,0.009117,0.00015,10,3,2.5,
196,51.2,Manta trawl,RV Ocean Starr,9,8,2015,20.88,23.43,2.55,31.0020,-142.8330,30.9773,-142.9090,10.10,0.0009,0.00909,0.00015,10,3,2.5,
197,51.3,Mega trawl,RV Ocean Starr,9,8,2015,21.17,23.77,2.60,30.9905,-142.8370,30.9890,-142.9116,9.79,0.006,0.05874,0.001,10,3,2.5,
198,51.4,Mega trawl,RV Ocean Starr,9,8,2015,20.98,23.98,3.00,30.9965,-142.8351,30.9937,-142.9158,11.10,0.006,0.0666,0.001,10,3,2.5,
199,52.1,Manta trawl,RV Ocean Starr,10,8,2015,2.47,5.58,3.12,31.0095,-143.2070,30.9972,-143.3720,15.79,0.0009,0.01420704,0.00015,5,3,2.8,
200,52.2,Manta trawl,RV Ocean Starr,10,8,2015,2.50,5.52,3.02,31.0095,-143.2100,30.9965,-143.3690,15.22,0.0009,0.01370088,0.00015,5,3,2.8,
201,52.3,Mega trawl,RV Ocean Starr,10,8,2015,2.80,5.77,2.97,31.0087,-143.2244,30.9993,-143.3770,14.60,0.006,0.0875876688592368,0.001,5,3,2.8,
202,52.4,Mega trawl,RV Ocean Starr,10,8,2015,2.58,6.03,3.45,31.0096,-143.2150,31.0058,-143.3830,16.03,0.006,0.0962084905999296,0.001,5,3,2.8,
203,53.1,Manta trawl,RV Ocean Starr,10,8,2015,8.47,11.53,3.07,31.0023,-143.7570,31.0012,-143.9120,14.77,0.0009,0.01329642,0.00015,5,3,2.7,
204,53.2,Manta trawl,RV Ocean Starr,10,8,2015,8.43,11.47,3.03,31.0016,-143.7560,30.9993,-143.9090,14.59,0.0009,0.01312668,0.00015,5,3,2.7,
205,53.3,Mega trawl,RV Ocean Starr,10,8,2015,8.85,11.73,2.88,31.0105,-143.7686,31.0078,-143.9170,15.27,0.006,0.09162,0.001,5,3,2.7,
206,53.4,Mega trawl,RV Ocean Starr,10,8,2015,8.63,12.03,3.40,31.0045,-143.7602,31.0158,-143.9210,15.70,0.006,0.0942,0.001,5,3,2.7,
207,54.1,Manta trawl,RV Ocean Starr,10,8,2015,20.52,23.52,3.00,32.0164,-143.7040,32.0305,-143.5740,12.36,0.0009,0.01112022,0.00015,22,5,2.7,
208,54.2,Manta trawl,RV Ocean Starr,10,8,2015,20.50,23.47,2.97,32.0071,-143.7040,32.0302,-143.5760,12.34,0.0009,0.01110474,0.00015,22,5,2.7,
209,54.3,Mega trawl,RV Ocean Starr,10,8,2015,20.90,23.80,2.90,32.0255,-143.7165,32.0322,-143.5590,14.88,0.006,0.0892961608682382,0.001,22,5,2.7,
210,54.4,Mega trawl,RV Ocean Starr,10,8,2015,20.60,0.08,3.48,32.0183,-143.7046,32.0285,-143.5510,14.54,0.006,0.0872471642906232,0.001,22,5,2.7,
211,55.1,Manta trawl,RV Ocean Starr,11,8,2015,2.50,5.55,3.05,32.0015,-143.1760,32.0062,-143.0490,11.99,0.0009,0.01078803,0.00015,18,4,2.5,
212,55.2,Manta trawl,RV Ocean Starr,11,8,2015,2.47,5.48,3.02,32.0010,-143.1770,32.0052,-143.0520,11.80,0.0009,0.01061622,0.00015,18,4,2.5,
213,55.3,Mega trawl,RV Ocean Starr,11,8,2015,2.80,5.72,2.92,32.0098,-143.1668,32.0086,-143.0440,11.59,0.006,0.069554709589443,0.001,18,4,2.5,
214,55.4,Mega trawl,RV Ocean Starr,11,8,2015,2.57,6.00,3.43,32.0192,-143.1734,32.0245,-143.0360,12.98,0.006,0.0778888186136598,0.001,18,4,2.5,
215,56.1,Manta trawl,RV Ocean Starr,11,8,2015,8.50,11.57,3.07,32.0002,-142.6560,32.0003,-142.5130,13.48,0.0009,0.01213623,0.00015,18,4,2.7,
216,56.2,Manta trawl,RV Ocean Starr,11,8,2015,8.47,11.47,3.00,32.0015,-142.6560,31.9998,-142.5150,13.30,0.0009,0.01196766,0.00015,18,4,2.7,
217,56.3,Mega trawl,RV Ocean Starr,11,8,2015,8.85,11.77,2.92,32.0084,-142.6456,32.0008,-142.5060,13.21,0.006,0.0792318294086892,0.001,18,4,2.7,
218,56.4,Mega trawl,RV Ocean Starr,11,8,2015,8.58,11.98,3.40,32.0214,-142.6533,32.0169,-142.5010,14.38,0.006,0.0863009590258326,0.001,18,4,2.7,
219,57.1,Manta trawl,RV Ocean Starr,11,8,2015,14.52,17.55,3.03,32.0026,-142.1110,31.9942,-141.9770,12.67,0.0009,0.01140372,0.00015,12,4,2.5,
220,57.2,Manta trawl,RV Ocean Starr,11,8,2015,14.47,17.45,2.98,32.0004,-142.1110,31.9950,-141.9820,12.18,0.0009,0.01096146,0.00015,12,4,2.5,
221,57.3,Mega trawl,RV Ocean Starr,11,8,2015,14.90,17.73,2.83,32.0120,-142.1163,31.9987,-141.9720,13.70,0.006,0.0822117976514214,0.001,12,4,2.5,
222,57.4,Mega trawl,RV Ocean Starr,11,8,2015,14.60,17.98,3.38,32.0047,-142.1094,32.0026,-141.9660,13.54,0.006,0.0812343150244578,0.001,12,4,2.5,
223,58.1,Manta trawl,RV Ocean Starr,11,8,2015,20.60,23.58,2.98,31.9757,-141.5700,32.0485,-141.4370,14.92,0.0009,0.01343151,0.00015,15,4,2.5,
224,58.2,Manta trawl,RV Ocean Starr,11,8,2015,20.47,23.48,3.02,31.9731,-141.5720,32.0454,-141.4410,14.74,0.0009,0.0132678,0.00015,15,4,2.5,
225,58.3,Mega trawl,RV Ocean Starr,11,8,2015,20.87,23.72,2.85,31.9843,-141.5628,32.0520,-141.4330,14.38,0.006,0.086301887059911,0.001,15,4,2.5,
226,58.4,Mega trawl,RV Ocean Starr,11,8,2015,20.68,23.97,3.28,31.9785,-141.5678,32.0563,-141.4270,15.86,0.006,0.0951752733907992,0.001,15,4,2.5,
227,60.1,Manta trawl,RV Ocean Starr,12,8,2015,8.55,11.68,3.13,32.0010,-140.4290,32.0058,-140.2670,15.29,0.0009,0.01375668,0.00015,10,4,2.6,
228,60.2,Manta trawl,RV Ocean Starr,12,8,2015,8.52,11.52,3.00,32.0006,-140.4310,32.0001,-140.2710,15.09,0.0009,0.01357902,0.00015,10,4,2.6,
229,60.3,Mega trawl,RV Ocean Starr,12,8,2015,8.93,12.00,3.07,32.0001,-140.4095,32.0008,-140.2580,14.30,0.006,0.0858143380397238,0.001,10,4,2.6,
230,60.4,Mega trawl,RV Ocean Starr,12,8,2015,8.62,12.35,3.73,32.0011,-140.4259,32.0016,-140.2520,16.42,0.006,0.0985005333173004,0.001,10,4,2.6,
231,61.1,Manta trawl,RV Ocean Starr,12,8,2015,14.53,17.62,3.08,31.9979,-139.9050,31.9869,-139.7720,12.60,0.0009,0.01134153,0.00015,10,3,2.7,
232,61.2,Manta trawl,RV Ocean Starr,12,8,2015,14.50,17.47,2.97,31.9968,-139.9050,31.9829,-139.7750,12.36,0.0009,0.01112148,0.00015,10,3,2.7,
233,61.3,Mega trawl,RV Ocean Starr,12,8,2015,14.80,17.73,2.93,32.0045,-139.9009,31.9903,-139.7690,12.55,0.006,0.0753132496527342,0.001,10,3,2.7,
234,61.4,Mega trawl,RV Ocean Starr,12,8,2015,14.60,17.98,3.38,31.9998,-139.9035,31.9936,-139.7630,13.28,0.006,0.0796933321026432,0.001,10,3,2.7,
235,62.1,Manta trawl,RV Ocean Starr,12,8,2015,20.60,23.58,2.98,31.9975,-139.3760,32.0093,-139.2660,10.45,0.0009,0.00940878,0.00015,19,4,2.1,
236,62.2,Manta trawl,RV Ocean Starr,12,8,2015,20.57,23.48,2.92,31.9968,-139.3760,32.0092,-139.2540,11.59,0.0009,0.01042758,0.00015,19,4,2.1,
237,62.3,Mega trawl,RV Ocean Starr,12,8,2015,20.87,23.77,2.90,32.0021,-139.3713,32.0128,-139.2420,12.26,0.006,0.0735807795353994,0.001,19,4,2.1,
238,62.4,Mega trawl,RV Ocean Starr,12,8,2015,20.68,0.15,3.47,31.9989,-139.3739,32.0131,-139.2290,13.77,0.006,0.082615923121878,0.001,19,4,2.1,
239,63.1,Manta trawl,RV Ocean Starr,13,8,2015,2.47,5.67,3.20,31.9967,-138.8600,32.0148,-138.7240,12.98,0.0009,0.01168146,0.00015,17,4,2.8,
240,63.2,Manta trawl,RV Ocean Starr,13,8,2015,2.45,5.50,3.05,31.9962,-138.8600,32.0105,-138.7300,12.36,0.0009,0.01112598,0.00015,17,4,2.8,
241,63.3,Mega trawl,RV Ocean Starr,13,8,2015,2.83,5.97,3.13,32.0091,-138.8483,32.0221,-138.7150,12.66,0.006,0.0759893974838898,0.001,17,4,2.8,
242,63.4,Mega trawl,RV Ocean Starr,13,8,2015,2.53,6.33,3.80,31.9987,-138.8581,32.0257,-138.7050,14.76,0.006,0.088563720428055,0.001,17,4,2.8,
243,64.1,Manta trawl,RV Ocean Starr,13,8,2015,8.52,11.58,3.07,32.0029,-138.3510,32.0017,-138.2090,13.39,0.0009,0.01205163,0.00015,15,4,2.4,
244,64.2,Manta trawl,RV Ocean Starr,13,8,2015,8.50,11.48,2.98,32.0024,-138.3510,31.9991,-138.2120,13.11,0.0009,0.01180125,0.00015,15,4,2.4,
245,64.3,Mega trawl,RV Ocean Starr,13,8,2015,8.58,11.83,3.25,32.0065,-138.3487,32.0077,-138.2000,14.04,0.006,0.0842247850538412,0.001,15,4,2.4,
246,64.4,Mega trawl,RV Ocean Starr,13,8,2015,8.82,12.17,3.35,32.0000,-138.3448,32.0104,-138.1930,14.38,0.006,0.0862586824585704,0.001,15,4,2.4,
247,65.1,Manta trawl,RV Ocean Starr,13,8,2015,14.52,17.60,3.08,31.9980,-137.8360,31.9834,-137.7000,12.93,0.0009,0.01163619,0.00015,16,4,2.6,
248,65.2,Manta trawl,RV Ocean Starr,13,8,2015,14.50,17.47,2.97,31.9974,-137.8370,31.9814,-137.7050,12.58,0.0009,0.01131777,0.00015,16,4,2.6,
249,65.3,Mega trawl,RV Ocean Starr,13,8,2015,14.75,17.72,2.97,32.0036,-137.8309,31.9858,-137.6940,13.08,0.006,0.0784542067392834,0.001,16,4,2.6,
250,65.4,Mega trawl,RV Ocean Starr,13,8,2015,14.60,17.98,3.38,32.0000,-137.8342,31.9855,-137.6910,13.62,0.006,0.0816946568994906,0.001,16,4,2.6,
251,66.1,Manta trawl,RV Ocean Starr,13,8,2015,20.48,23.60,3.12,31.9990,-137.2970,31.9919,-137.1650,12.47,0.0009,0.01122579,0.00015,16,4,2.3,
252,66.2,Manta trawl,RV Ocean Starr,13,8,2015,20.47,23.47,3.00,31.9985,-137.2980,31.9900,-137.1800,12.14,0.0009,0.010926,0.00015,16,4,2.3,
253,66.3,Mega trawl,RV Ocean Starr,13,8,2015,20.68,23.70,3.02,32.0016,-137.2917,31.9927,-137.1610,12.38,0.006,0.074272401847434,0.001,16,4,2.3,
254,66.4,Mega trawl,RV Ocean Starr,13,8,2015,20.55,23.92,3.37,31.9997,-137.2954,31.9896,-137.1570,13.11,0.006,0.0786875861942106,0.001,16,4,2.3,
255,67.1,Manta trawl,RV Ocean Starr,14,8,2015,2.48,5.48,3.00,32.0096,-136.7630,32.0221,-136.6371,12.25,0.0009,0.011025,0.00015,17,3,2.5,
256,67.2,Manta trawl,RV Ocean Starr,14,8,2015,2.45,5.63,3.18,32.0096,-136.7630,32.0221,-136.6371,12.30,0.0009,0.01107,0.00015,17,3,2.5,
257,67.3,Mega trawl,RV Ocean Starr,14,8,2015,2.73,5.85,3.12,32.0179,-136.7573,32.0223,-136.6420,10.89,0.006,0.0653606622178764,0.001,17,3,2.6,
258,67.4,Mega trawl,RV Ocean Starr,14,8,2015,2.52,6.10,3.58,32.0116,-136.7615,32.0255,-136.6350,12.04,0.006,0.0722374289226582,0.001,17,3,2.6,
259,68.1,Manta trawl,RV Ocean Starr,14,8,2015,8.52,11.60,3.08,32.0009,-136.2570,32.0013,-136.0930,15.46,0.0009,0.01391832,0.00015,18,4,3,
260,68.2,Manta trawl,RV Ocean Starr,14,8,2015,8.50,11.48,2.98,32.0006,-136.2580,31.9984,-136.0980,15.09,0.0009,0.01358091,0.00015,18,4,3,
261,68.3,Mega trawl,RV Ocean Starr,14,8,2015,8.78,11.88,3.10,32.0002,-136.2470,32.0050,-136.0830,15.49,0.006,0.092946479320227,0.001,18,4,3,
262,68.4,Mega trawl,RV Ocean Starr,14,8,2015,8.58,12.12,3.53,32.0009,-136.2543,32.0014,-136.0780,16.64,0.006,0.0998601446371296,0.001,18,4,3,
263,69.1,Manta trawl,RV Ocean Starr,14,8,2015,14.53,17.60,3.07,32.0005,-135.7170,31.9880,-135.5870,12.34,0.0009,0.01110411,0.00015,15,4,2.3,
264,69.2,Manta trawl,RV Ocean Starr,14,8,2015,14.50,17.50,3.00,31.9999,-135.7170,31.9862,-135.5890,12.17,0.0009,0.01094994,0.00015,15,4,2.3,
265,69.3,Mega trawl,RV Ocean Starr,14,8,2015,14.72,17.75,3.03,32.0052,-135.7111,31.9920,-135.5830,12.18,0.006,0.0730939011035088,0.001,15,4,2.3,
266,69.4,Mega trawl,RV Ocean Starr,14,8,2015,14.58,17.98,3.40,32.0019,-135.7148,31.9934,-135.5780,12.95,0.006,0.0776967127662888,0.001,15,4,2.3,
267,70.1,Manta trawl,RV Ocean Starr,14,8,2015,20.52,23.62,3.10,32.0009,-135.1840,32.0001,-135.0560,12.07,0.0009,0.01086345,0.00015,15,4,2.5,
268,70.2,Manta trawl,RV Ocean Starr,14,8,2015,20.50,23.52,3.02,32.0003,-135.1850,31.9970,-135.0660,11.23,0.0009,0.01010484,0.00015,15,4,2.5,
269,70.3,Mega trawl,RV Ocean Starr,14,8,2015,20.72,23.85,3.13,32.0063,-135.1777,32.0066,-135.0520,12.26,0.006,0.07356,0.001,15,4,2.5,
270,70.4,Mega trawl,RV Ocean Starr,14,8,2015,20.58,0.12,3.53,32.0031,-135.1815,32.0142,-135.0450,13.75,0.006,0.0825,0.001,15,4,2.5,
271,71.1,Manta trawl,RV Ocean Starr,15,8,2015,2.48,5.53,3.05,32.0062,-134.6690,32.0056,-134.5440,11.79,0.0009,0.01060812,0.00015,15,4,2.6,
272,71.2,Manta trawl,RV Ocean Starr,15,8,2015,2.47,5.47,3.00,32.0054,-134.6700,32.0046,-134.5460,11.69,0.0009,0.01052343,0.00015,15,4,2.6,
273,71.3,Mega trawl,RV Ocean Starr,15,8,2015,2.88,5.73,2.85,32.0166,-134.6605,32.0086,-134.5370,11.69,0.006,0.0701477586587184,0.001,15,4,2.6,
274,71.4,Mega trawl,RV Ocean Starr,15,8,2015,2.55,6.02,3.47,32.0080,-134.6677,32.0092,-134.5280,13.19,0.006,0.0791263007039448,0.001,15,4,2.6,
275,72.1,Manta trawl,RV Ocean Starr,15,8,2015,14.50,17.55,3.05,33.0061,-134.0480,32.9960,-134.2110,15.24,0.0009,0.01371753,0.00015,18,5,2.9,
276,72.2,Manta trawl,RV Ocean Starr,15,8,2015,14.45,17.47,3.02,33.0063,-134.0450,32.9970,-134.2070,15.14,0.0009,0.01362843,0.00015,18,5,2.9,
277,72.3,Mega trawl,RV Ocean Starr,15,8,2015,14.72,17.75,3.03,33.0005,-134.0545,32.9921,-134.2170,15.20,0.006,0.0912029123676054,0.001,18,5,2.9,
278,72.4,Mega trawl,RV Ocean Starr,15,8,2015,14.57,18.07,3.50,33.0035,-134.0508,32.9889,-134.2290,16.72,0.006,0.100300374385031,0.001,18,5,2.9,
279,73.1,Manta trawl,RV Ocean Starr,15,8,2015,20.55,23.52,2.97,33.0105,-134.6510,32.9976,-134.7920,13.23,0.0009,0.01190358,0.00015,20,5,2.9,
280,73.2,Manta trawl,RV Ocean Starr,15,8,2015,20.52,23.47,2.95,33.0107,-134.6510,32.9979,-134.7910,13.13,0.0009,0.01181925,0.00015,20,5,2.9,
281,73.3,Mega trawl,RV Ocean Starr,15,8,2015,20.77,23.75,2.98,33.0043,-134.6582,32.9909,-134.7990,13.23,0.006,0.07937916849369,0.001,20,5,2.9,
282,73.4,Mega trawl,RV Ocean Starr,15,8,2015,20.62,0.08,3.47,33.0086,-134.6533,32.9830,-134.8080,14.72,0.006,0.088331941198269,0.001,20,5,2.9,
283,74.1,Manta trawl,RV Ocean Starr,16,8,2015,2.52,5.53,3.02,33.0150,-135.2150,32.9823,-135.3560,13.64,0.0009,0.01227897,0.00015,22,4,3,
284,74.2,Manta trawl,RV Ocean Starr,16,8,2015,2.48,5.45,2.97,33.0161,-135.2140,32.9845,-135.3540,13.52,0.0009,0.01216827,0.00015,22,4,3,
285,74.3,Mega trawl,RV Ocean Starr,16,8,2015,2.98,5.73,2.75,32.9982,-135.2304,32.9774,-135.3620,12.50,0.006,0.0750250417502382,0.001,22,4,3,
286,74.4,Mega trawl,RV Ocean Starr,16,8,2015,2.58,6.03,3.45,33.0129,-135.2171,32.9708,-135.3730,15.29,0.006,0.0917524308543396,0.001,22,4,3,
287,75.1,Manta trawl,RV Ocean Starr,16,8,2015,14.48,17.50,3.02,33.0060,-136.8050,32.9989,-136.9560,14.10,0.0009,0.01269288,0.00015,20,5,2.8,
288,75.2,Manta trawl,RV Ocean Starr,16,8,2015,14.47,17.45,2.98,33.0067,-136.8040,33.0009,-136.9540,14.00,0.0009,0.01260279,0.00015,20,5,2.8,
289,75.3,Mega trawl,RV Ocean Starr,16,8,2015,14.75,17.70,2.95,33.0004,-136.8121,32.9927,-136.9630,14.11,0.006,0.0846880921326564,0.001,20,5,2.8,
290,75.4,Mega trawl,RV Ocean Starr,16,8,2015,14.53,17.98,3.45,33.0045,-136.8065,32.9845,-136.9740,15.80,0.006,0.0947791162706022,0.001,20,5,2.8,
291,77.1,Manta trawl,RV Ocean Starr,17,8,2015,2.50,5.52,3.02,33.0131,-137.9330,32.9690,-138.0670,13.42,0.0009,0.01208214,0.00015,20,4,3.3,
292,77.2,Manta trawl,RV Ocean Starr,17,8,2015,2.47,5.43,2.97,33.0141,-137.9320,32.9705,-138.0630,13.14,0.0009,0.01182753,0.00015,20,4,3.3,
293,77.3,Mega trawl,RV Ocean Starr,17,8,2015,2.77,5.72,2.95,33.0030,-137.9377,32.9636,-138.0720,13.29,0.006,0.0797131795914534,0.001,20,4,3.3,
294,77.4,Mega trawl,RV Ocean Starr,17,8,2015,2.58,6.02,3.43,33.0101,-137.9346,32.9589,-138.0830,14.98,0.006,0.0899008469339454,0.001,20,4,3.3,
295,78.1,Manta trawl,RV Ocean Starr,17,8,2015,15.48,18.00,2.52,32.9946,-139.4910,32.9996,-139.6360,13.53,0.0009,0.01218051,0.00015,25,5,3,
296,78.2,Manta trawl,RV Ocean Starr,17,8,2015,15.47,17.93,2.47,32.9955,-139.4900,33.0019,-139.6330,13.35,0.0009,0.01201914,0.00015,25,5,3,
297,78.3,Mega trawl,RV Ocean Starr,17,8,2015,15.67,18.20,2.53,32.9876,-139.4985,32.9954,-139.6450,13.71,0.006,0.082236859289646,0.001,25,5,2.4,
298,78.4,Mega trawl,RV Ocean Starr,17,8,2015,15.53,18.52,2.98,32.9922,-139.4934,32.9940,-139.6620,15.74,0.006,0.0944583876156438,0.001,25,5,2.4,
299,79.1,Manta trawl,RV Ocean Starr,18,8,2015,20.58,23.60,3.02,33.7407,-138.3650,33.8259,-138.2750,12.61,0.0009,0.01135008,0.00015,16,5,2.4,
300,79.2,Manta trawl,RV Ocean Starr,18,8,2015,20.55,23.53,2.98,33.7397,-138.3660,33.8243,-138.2770,12.49,0.0009,0.01124163,0.00015,16,5,2.4,
301,79.3,Mega trawl,RV Ocean Starr,18,8,2015,20.83,23.80,2.97,33.7470,-138.3578,33.8306,-138.2690,12.41,0.006,0.0744826412031054,0.001,16,5,2.4,
302,79.4,Mega trawl,RV Ocean Starr,18,8,2015,20.65,0.03,3.38,33.7424,-138.3631,33.8316,-138.2610,13.71,0.006,0.0822304352968956,0.001,16,5,2.4,
303,81.0,Manta trawl,SV Patches,8,8,2015,20.45,21.45,1.00,34.88600,-153.60720,34.91320,-153.52910,7.74,0.0009,0.00696429,0.00015,10,3,4.19,
304,82.0,Manta trawl,SV Patches,8,8,2015,21.50,22.48,0.98,34.91360,-153.52970,34.93820,-153.45700,7.17,0.0009,0.00645318,0.00015,10,3,3.94,
305,83.0,Manta trawl,SV Patches,8,8,2015,22.52,23.52,1.00,34.93910,-153.45610,34.93760,-153.39850,5.25,0.0009,0.00472779,0.00015,10,3,2.84,
306,84.0,Manta trawl,SV Patches,9,8,2015,2.25,3.18,0.93,34.98180,-152.98220,34.99830,-152.92280,5.71,0.0009,0.00514233,0.00015,12,4,3.31,
307,85.0,Manta trawl,SV Patches,9,8,2015,3.22,4.22,1.00,34.99820,-152.92270,35.00210,-152.85090,6.55,0.0009,0.00589887,0.00015,9,3,3.54,
308,86.0,Manta trawl,SV Patches,9,8,2015,4.25,5.25,1.00,35.01960,-152.85020,35.04420,-152.79740,5.53,0.0009,0.00497808,0.00015,9,3,2.99,
309,87.0,Manta trawl,SV Patches,9,8,2015,21.60,22.63,1.03,35.99680,-150.44250,36.01560,-150.35310,8.31,0.0009,0.00747801,0.00015,11,3,4.35,
310,88.0,Manta trawl,SV Patches,9,8,2015,22.67,23.67,1.00,36.02010,-150.35320,36.04210,-150.27340,7.60,0.0009,0.00684,0.00015,11,3,4.57,
311,89.0,Manta trawl,SV Patches,9,8,2015,23.67,0.65,0.98,36.04210,-150.27230,36.05550,-150.18880,7.65,0.0009,0.00688797,0.00015,11,3,4.21,
312,90.0,Manta trawl,SV Patches,10,8,2015,18.47,19.47,1.00,36.48820,-148.97530,36.46160,-148.90460,6.98,0.0009,0.00628137,0.00015,9,3,3.77,wind picked up during middle of trawl to 19.9 knots for about 15 minutes
313,91.0,Manta trawl,SV Patches,10,8,2015,19.48,20.52,1.03,36.41100,-148.90400,36.42450,-148.84560,5.44,0.0009,0.00489321,0.00015,10,3,2.94,
314,92.0,Manta trawl,SV Patches,10,8,2015,20.57,21.55,0.98,36.42450,-148.84560,36.39780,-148.79330,5.54,0.0009,0.00498816,0.00015,10,3,3.05,
315,93.0,Manta trawl,SV Patches,11,8,2015,2.37,3.30,0.93,36.48220,-148.40130,36.53850,-148.41110,6.32,0.0009,0.00568908,0.00015,11,4,3.66,
316,94.0,Manta trawl,SV Patches,11,8,2015,3.32,4.32,1.00,36.53860,-148.41120,36.59730,-148.42000,6.57,0.0009,0.00591687,0.00015,9,3,3.55,
317,95.0,Manta trawl,SV Patches,11,8,2015,22.05,23.03,0.98,37.63050,-147.30810,37.62500,-147.23350,6.60,0.0009,0.00593829,0.00015,13,4,3.62,
318,96.0,Manta trawl,SV Patches,11,8,2015,23.07,0.07,1.00,37.62520,-147.23290,37.62640,-147.15560,6.81,0.0009,0.0061281,0.00015,12,4,3.68,
319,97.0,Manta trawl,SV Patches,12,8,2015,0.10,1.05,0.95,37.62620,-147.15410,37.61900,-147.07390,7.11,0.0009,0.00639774,0.00015,12,4,4.04,
320,98.0,Manta trawl,SV Patches,13,8,2015,0.78,1.78,1.00,37.49170,-143.60840,37.49430,-143.51940,7.86,0.0009,0.00707166,0.00015,15,5,4.26,
321,99.0,Manta trawl,SV Patches,13,8,2015,1.80,2.80,1.00,37.49450,-143.51840,37.48840,-143.43370,7.50,0.0009,0.00675315,0.00015,14,5,4.05,
322,100.0,Manta trawl,SV Patches,13,8,2015,2.82,3.77,0.95,37.48790,-143.43410,37.48170,-143.35750,6.79,0.0009,0.00611451,0.00015,16,5,3.87,
323,101.0,Manta trawl,SV Patches,13,8,2015,23.00,23.97,0.97,37.53950,-140.92710,37.56710,-140.87570,5.47,0.0009,0.00492534,0.00015,9,3,3.06,
324,102.0,Manta trawl,SV Patches,13,8,2015,23.98,0.98,1.00,37.56760,-140.84220,37.64920,-140.81710,9.34,0.0009,0.0084051,0.00015,9,3,5.05,
325,103.0,Manta trawl,SV Patches,14,8,2015,1.00,2.03,1.03,37.59920,-140.81670,37.62840,-140.74980,6.73,0.0009,0.0060552,0.00015,9,3,3.52,
326,104.0,Manta trawl,SV Patches,14,8,2015,22.37,23.38,1.02,38.31120,-137.75220,38.32470,-137.66790,7.51,0.0009,0.00675549,0.00015,11,4,3.99,
327,105.0,Manta trawl,SV Patches,14,8,2015,23.42,0.38,0.97,38.32520,-137.66720,38.34880,-137.59540,6.79,0.0009,0.00611091,0.00015,13,4,3.8,
328,106.0,Manta trawl,SV Patches,15,8,2015,0.40,1.37,0.97,38.34960,-137.59440,38.37800,-137.52580,6.76,0.0009,0.00608715,0.00015,10,4,3.78,
329,107.0,Manta trawl,SV Patches,16,8,2015,0.37,1.37,1.00,38.56230,-134.19130,38.58950,-134.10780,7.86,0.0009,0.00707724,0.00015,12,4,4.25,
330,108.0,Manta trawl,SV Patches,16,8,2015,1.42,2.42,1.00,38.65640,-134.10750,38.62460,-134.00260,9.77,0.0009,0.00879561,0.00015,11,4,5.28,
331,109.0,Manta trawl,SV Patches,16,8,2015,2.43,3.42,0.98,38.62540,-134.02550,38.65880,-133.95470,7.18,0.0009,0.00646515,0.00015,13,4,3.95,
332,110.0,Manta trawl,SV Between The Sheets,8,8,2015,18.00,18.83,0.83,36.46800,-150.90570,36.46800,-150.82880,6.88,0.0009,0.00618885,0.00015,7,3,4.46,
333,111.0,Manta trawl,SV Between The Sheets,8,8,2015,18.93,19.70,0.77,36.46810,-150.82590,36.45470,-150.76270,5.85,0.0009,0.0052605,0.00015,8,3,4.12,
334,112.0,Manta trawl,SV Between The Sheets,8,8,2015,19.80,20.60,0.80,36.45480,-150.76140,36.44200,-150.69500,6.11,0.0009,0.00549657,0.00015,8,3,4.12,
335,113.0,Manta trawl,SV Between The Sheets,8,8,2015,23.00,23.90,0.90,36.40270,-150.42220,36.39610,-150.34100,7.30,0.0009,0.00657396,0.00015,10,3,4.39,
336,114.0,Manta trawl,SV Between The Sheets,9,8,2015,0.02,0.85,0.83,36.39550,-150.33570,36.38530,-150.25800,7.05,0.0009,0.00634221,0.00015,11,4,4.57,
337,115.0,Manta trawl,SV Sleeper,12,8,2015,13.63,14.75,1.12,32.03083,-152.51917,32.10250,-152.44667,10.50,0.0009,0.00944685,0.00015,8,3,5.08,
338,116.0,Manta trawl,SV Sleeper,13,8,2015,19.00,20.08,1.08,34.39417,-151.25917,34.46833,-151.24833,8.31,0.0009,0.00747594,0.00015,16,4,4.14,
339,117.0,Manta trawl,SV Sleeper,14,8,2015,18.15,19.10,0.95,36.30067,-150.07833,36.28333,-150.00417,6.92,0.0009,0.00622881,0.00015,13,2,3.94,
340,118.0,Manta trawl,SV Sleeper,14,8,2015,19.62,20.58,0.97,36.27567,-149.95667,36.27167,-149.88333,6.59,0.0009,0.0059301,0.00015,9,3,3.68,
341,119.0,Manta trawl,SV Relentless,8,8,2015,3.83,4.80,0.97,33.86810,-153.22870,33.88410,-143.12660,9.65,0.0009,0.008685,0.00015,9,3,5.21,
342,120.0,Manta trawl,SV Relentless,8,8,2015,20.73,21.73,1.00,34.35548,-151.22588,34.36764,-151.12768,9.11,0.0009,0.008199,0.00015,9,3,4.91,
343,121.0,Manta trawl,SV Relentless,9,8,2015,2.00,3.00,1.00,34.35467,-150.48388,34.36596,-150.36725,10.75,0.0009,0.009675,0.00015,8,3,5.8,
344,122.0,Manta trawl,SV Relentless,9,8,2015,3.08,4.08,1.00,34.36940,-150.35940,34.37900,-150.24810,10.27,0.0009,0.00924336,0.00015,7,3,5.55,
345,123.0,Manta trawl,SV Relentless,9,8,2015,23.00,0.00,1.00,34.56150,-147.43920,34.57110,-147.31600,11.33,0.0009,0.01019817,0.00015,13,4,6.13,
346,124.0,Manta trawl,SV Relentless,10,8,2015,0.08,1.00,0.92,34.57350,-147.30750,34.56490,-147.18580,11.18,0.0009,0.01006569,0.00015,14,4,6.59,
347,125.0,Manta trawl,SV Relentless,11,8,2015,0.25,1.25,1.00,33.68220,-143.84240,33.74010,-143.77160,9.18,0.0009,0.00826515,0.00015,20,5,4.97,
348,126.0,Manta trawl,SV Relentless,11,8,2015,20.50,21.50,1.00,33.81390,-141.16730,33.83150,-141.05260,10.77,0.0009,0.00969732,0.00015,5,2,5.82,
349,127.0,Manta trawl,SV Relentless,12,8,2015,23.58,0.58,1.00,34.19680,-137.44110,34.20790,-137.31100,11.90,0.0009,0.01071,0.00015,15,4,6.43,
350,128.0,Manta trawl,SV Relentless,15,8,2015,2.08,3.08,1.00,34.48770,-133.78670,34.49810,-133.64920,12.65,0.0009,0.01138887,0.00015,13,4,6.84,
351,129.0,Manta trawl,SV Manu Iwa,21,8,2015,1.50,2.50,1.00,25.36710,-156.14900,25.30710,-156.18050,7.38,0.0009,0.00664623,0.00015,4,2,3.99,
352,130.0,Manta trawl,SV Manu Iwa,21,8,2015,2.75,3.75,1.00,25.28830,-156.19353,25.22510,-156.23593,8.22,0.0009,0.00739791,0.00015,5,2,4.44,
353,131.0,Manta trawl,SV Manu Iwa,21,8,2015,4.00,5.00,1.00,25.20080,-156.24970,25.13340,-156.28960,8.50,0.0009,0.00765225,0.00015,10,3,5.1,
354,132.0,Manta trawl,SV Extreme H2O,12,8,2015,15.98,16.97,0.98,33.50000,-151.15000,33.55000,-151.08330,8.32,0.0009,0.0074835,0.00015,13,2,4.57,
355,133.0,Manta trawl,SV Extreme H2O,12,8,2015,16.97,17.92,0.95,33.55000,-151.08330,33.58330,-151.01670,7.20,0.0009,0.00647676,0.00015,12,3,4.1,
356,134.0,Manta trawl,SV Extreme H2O,11,8,2015,21.58,22.58,1.00,31.73330,-153.18330,31.76670,-153.10000,8.71,0.0009,0.00783729,0.00015,17,3,4.71,
357,135.0,Manta trawl,SV Extreme H2O,13,8,2015,15.80,16.92,1.12,35.35000,-148.88330,35.40000,-148.81670,8.21,0.0009,0.00738729,0.00015,17,3,3.98,
358,136.0,Manta trawl,SV Extreme H2O,14,8,2015,16.23,17.25,1.02,36.30000,-145.88330,36.28330,-145.78330,9.15,0.0009,0.00823752,0.00015,12,2,4.87,
359,137.0,Manta trawl,SV Extreme H2O,14,8,2015,17.28,18.28,1.00,36.28330,-145.78330,36.30000,-145.68330,9.15,0.0009,0.00823752,0.00015,8,3,4.95,
360,138.0,Manta trawl,SV Extreme H2O,16,8,2015,21.78,22.78,1.00,34.13330,-137.15000,34.13330,-137.05000,9.20,0.0009,0.0082836,0.00015,12,3,4.98,
361,139.0,Manta trawl,SV Lucky Duck,8,8,2015,0.67,1.75,1.08,36.27340,-156.27630,36.23710,-156.22430,6.17,0.0009,0.00555039,0.00015,4,2,3.08,
362,140.0,Manta trawl,SV Lucky Duck,8,8,2015,1.90,2.95,1.05,36.23710,-156.22430,36.26940,-156.14980,7.58,0.0009,0.00682614,0.00015,6,2,3.91,
363,141.0,Manta trawl,SV Lucky Duck,8,8,2015,23.42,0.42,1.00,36.82530,-153.39740,36.84100,-153.31670,7.39,0.0009,0.00665217,0.00015,9,3,3.99,
364,142.0,Manta trawl,SV Lucky Duck,9,8,2015,0.58,1.58,1.00,36.83620,-153.32960,36.84100,-153.24770,7.31,0.0009,0.0065772,0.00015,11,4,3.95,
365,143.0,Manta trawl,SV Lucky Duck,9,8,2015,1.75,2.77,1.02,36.84120,-153.24140,36.84700,-153.13970,9.07,0.0009,0.00816552,0.00015,11,4,4.82,
366,144.0,Manta trawl,SV Lucky Duck,10,8,2015,19.08,20.00,0.92,36.79250,-146.65180,36.80070,-146.58400,6.11,0.0009,0.00549495,0.00015,9,3,3.26,
367,145.0,Manta trawl,SV Lucky Duck,10,8,2015,20.17,21.17,1.00,36.80070,-146.56680,36.88840,-146.48500,12.17,0.0009,0.01095201,0.00015,11,4,6.58,
368,146.0,Manta trawl,SV Lucky Duck,10,8,2015,21.33,22.25,0.92,36.88840,-146.48500,36.85230,-146.42130,6.94,0.0009,0.00624978,0.00015,11,4,4.09,
369,147.0,Manta trawl,SV Adrenaline,15,8,2015,1.00,2.00,1.00,40.03070,-151.68100,40.00170,-151.59690,7.85,0.0009,0.00706896,0.00015,8,3,4.25,
370,148.0,Manta trawl,SV Adrenaline,15,8,2015,3.17,4.17,1.00,39.96320,-151.50250,39.92830,-151.40590,9.10,0.0009,0.00819315,0.00015,8,3,4.92,
371,149.0,Manta trawl,SV Adrenaline,15,8,2015,20.72,21.73,1.02,41.10310,-150.27580,41.14110,-150.17620,9.35,0.0009,0.00841671,0.00015,12,4,4.92,
372,150.0,Manta trawl,SV Adrenaline,15,8,2015,21.78,22.82,1.03,41.14360,-150.17440,41.16780,-150.11210,5.87,0.0009,0.00528219,0.00015,9,3,4.97,
373,151.0,Manta trawl,SV Adrenaline,15,8,2015,22.87,0.05,1.18,41.16960,-150.10870,41.16850,-150.01770,7.62,0.0009,0.00685629,0.00015,9,3,3.07,
374,152.0,Manta trawl,SV Adrenaline,16,8,2015,2.40,3.42,1.02,41.08040,-149.77090,41.05300,-149.67530,8.57,0.0009,0.00771678,0.00015,12,4,4.5,
375,153.0,Manta trawl,SV Adrenaline,16,8,2015,3.47,4.48,1.02,41.05240,-149.67450,41.03270,-149.56700,9.28,0.0009,0.00835011,0.00015,10,3,4.56,
376,154.0,Manta trawl,SV Adrenaline,16,8,2015,19.28,20.30,1.02,41.04430,-147.59210,41.03160,-147.47170,10.20,0.0009,0.00917676,0.00015,14,4,4.93,
377,155.0,Manta trawl,SV Adrenaline,16,8,2015,20.38,21.42,1.03,41.02960,-147.47015,41.00281,-147.38206,7.97,0.0009,0.00717156,0.00015,18,5,4.31,
378,156.0,Manta trawl,SV Adrenaline,16,8,2015,21.50,22.55,1.05,41.00240,-147.38080,40.95990,-147.27790,9.85,0.0009,0.00886149,0.00015,16,4,5.01,
379,157.0,Manta trawl,SV Adrenaline,16,8,2015,22.60,23.63,1.03,40.95910,-147.29350,40.92540,-147.21150,7.84,0.0009,0.00705681,0.00015,14,4,4.24,
380,158.0,Manta trawl,SV Adrenaline,17,8,2015,1.98,2.98,1.00,40.87690,-146.90010,40.88420,-146.85520,3.86,0.0009,0.00347499,0.00015,15,4,4.1,
381,159.0,Manta trawl,SV Adrenaline,15,8,2015,2.00,3.00,1.00,40.00250,-151.59920,39.96860,-151.51510,8.08,0.0009,0.007272,0.00015,10,3,4.36,
382,160.0,Manta trawl,SV Adrenaline,17,8,2015,3.07,4.13,1.07,40.88380,-146.85400,40.89550,-146.76350,7.72,0.0009,0.00694611,0.00015,18,5,3.92,
383,161.0,Manta trawl,SV Westward,8,8,2015,18.08,19.12,1.03,33.23350,-153.84110,33.21630,-153.76350,7.47,0.0009,0.00672048,0.00015,6,3,3.91,
384,162.0,Manta trawl,SV Westward,8,8,2015,19.40,20.38,0.98,33.20840,-153.76350,33.19270,-153.67670,8.26,0.0009,0.00743643,0.00015,12,4,4.54,
385,163.0,Manta trawl,SV Westward,8,8,2015,20.48,21.57,1.08,33.19090,-153.65450,33.17890,-153.63110,2.55,0.0009,0.00229851,0.00015,10,3,1.28,
386,164.0,Manta trawl,SV Westward,9,8,2015,1.12,2.07,0.95,33.12159,-153.14382,33.09920,-153.07530,6.78,0.0009,0.006102,0.00015,13,4,3.84,
387,165.0,Manta trawl,SV Westward,9,8,2015,2.12,3.07,0.95,33.09930,-153.07500,33.07710,-153.01630,6.00,0.0009,0.0054,0.00015,14,4,3.41,
388,166.0,Manta trawl,SV Westward,9,8,2015,3.10,4.00,0.90,33.07170,-152.99590,33.03990,-152.92280,7.68,0.0009,0.00690813,0.00015,13,4,4.61,
389,167.0,Manta trawl,SV Westward,9,8,2015,16.68,17.82,1.13,32.52020,-151.32760,32.5082,-151.234,9.00,0.0009,0.0081,0.00015,9,3,4.9,
390,168.0,Manta trawl,SV Westward,9,8,2015,17.90,18.88,0.98,32.52900,-151.34630,32.51450,-151.28350,6.10,0.0009,0.00549432,0.00015,10,3,3.36,
391,169.0,Manta trawl,SV Westward,9,8,2015,18.92,19.92,1.00,32.51090,-151.26890,32.51660,-151.18120,8.25,0.0009,0.00742293,0.00015,9,3,4.46,
392,170.0,Manta trawl,SV Westward,10,8,2015,1.57,2.57,1.00,32.61880,-150.56320,32.63650,-150.47280,8.69,0.0009,0.00782235,0.00015,13,4,4.7,
393,171.0,Manta trawl,SV Westward,10,8,2015,2.60,3.60,1.00,32.63830,-150.48920,32.65000,-150.41230,7.32,0.0009,0.00658512,0.00015,9,3,3.96,
394,172.0,Manta trawl,SV Westward,10,8,2015,3.67,4.67,1.00,32.66070,-150.41120,32.67480,-150.33110,7.66,0.0009,0.006894,0.00015,12,4,4.14,
395,173.0,Manta trawl,SV Westward,10,8,2015,15.53,16.57,1.03,32.43080,-149.10690,32.43000,-149.04650,5.67,0.0009,0.00510246,0.00015,15,4,2.96,
396,174.0,Manta trawl,SV Westward,10,8,2015,16.63,17.65,1.02,32.42960,-149.03930,32.41670,-148.96000,7.58,0.0009,0.00682209,0.00015,14,4,4.03,
397,175.0,Manta trawl,SV Westward,10,8,2015,17.78,18.78,1.00,32.41670,-148.96470,32.40260,-148.88280,7.85,0.0009,0.00706194,0.00015,14,4,4.24,
398,176.0,Manta trawl,SV Westward,11,8,2015,1.45,2.45,1.00,32.13010,-148.28250,32.12130,-148.21920,6.04,0.0009,0.00543663,0.00015,16,4,3.27,
399,177.0,Manta trawl,SV Westward,11,8,2015,2.52,3.52,1.00,32.12170,-148.25000,32.11350,-148.14750,9.70,0.0009,0.00872658,0.00015,17,5,5.24,
400,178.0,Manta trawl,SV Westward,11,8,2015,3.62,4.67,1.05,32.11430,-148.14700,32.10370,-148.07190,7.17,0.0009,0.00645381,0.00015,20,5,3.7,
401,179.0,Manta trawl,SV Westward,11,8,2015,15.58,16.63,1.05,31.66250,-147.00700,31.65160,-146.93520,6.90,0.0009,0.00621279,0.00015,17,5,3.55,
402,180.0,Manta trawl,SV Westward,11,8,2015,16.70,17.68,0.98,31.65090,-146.93380,31.62640,-146.86400,7.15,0.0009,0.00643266,0.00015,17,5,3.93,
403,181.0,Manta trawl,SV Westward,11,8,2015,17.72,18.72,1.00,31.62610,-146.85970,31.59530,-146.79270,7.21,0.0009,0.006489,0.00015,15,4,3.9,
404,182.0,Manta trawl,SV Westward,12,8,2015,1.02,2.10,1.08,31.24540,-146.31640,31.25330,-146.24590,6.76,0.0009,0.00608328,0.00015,18,5,3.37,
405,183.0,Manta trawl,SV Westward,12,8,2015,2.23,3.23,1.00,31.25030,-146.24440,31.23710,-146.16420,7.76,0.0009,0.00698805,0.00015,16,4,4.2,
406,184.0,Manta trawl,SV Westward,12,8,2015,16.20,17.23,1.03,30.54060,-144.94650,30.52820,-144.86530,7.91,0.0009,0.0071217,0.00015,12,4,4.13,
407,185.0,Manta trawl,SV Westward,12,8,2015,17.40,18.40,1.00,30.52310,-144.86190,30.50210,-144.78210,7.99,0.0009,0.00719388,0.00015,10,3,4.32,
408,186.0,Manta trawl,SV Westward,12,8,2015,18.43,19.40,0.97,30.49990,-144.77980,30.47730,-144.70180,7.89,0.0009,0.00709659,0.00015,10,3,4.41,
409,187.0,Manta trawl,SV Westward,13,8,2015,0.90,2.00,1.10,30.20270,-144.06970,30.16260,-144.05140,4.78,0.0009,0.0043038,0.00015,10,3,2.35,
410,188.0,Manta trawl,SV Westward,13,8,2015,2.10,3.13,1.03,30.16112,-144.05150,30.14350,-144.01830,3.74,0.0009,0.003366,0.00015,10,3,1.96,
411,189.0,Manta trawl,SV Westward,13,8,2015,3.17,4.17,1.00,30.14570,-144.02520,30.15680,-143.98040,4.43,0.0009,0.003987,0.00015,10,3,2.39,
412,190.0,Manta trawl,SV Wizard,6,8,2015,22.28,23.02,0.73,36.44867,-148.50967,36.44017,-148.44850,5.55,0.0009,0.00499707,0.00015,15,4,4.00,
413,191.0,Manta trawl,SV Wizard,6,8,2015,23.07,23.60,0.53,36.43317,-148.44883,36.44224,-148.36998,7.14,0.0009,0.0064269,0.00015,9,3,6.80,
414,192.0,Manta trawl,SV Wizard,7,8,2015,18.95,19.47,0.52,36.69933,-145.20067,36.69667,-145.14083,5.34,0.0009,0.00480843,0.00015,5,2,6.00,
415,193.0,Manta trawl,SV Wizard,7,8,2015,19.52,19.87,0.35,36.69817,-145.14083,36.69750,-145.09850,3.78,0.0009,0.0033975,0.00015,5,2,6.00,
416,194.0,Manta trawl,SV Wizard,7,8,2015,19.92,20.38,0.47,36.69800,-145.09617,36.69717,-145.03717,5.26,0.0009,0.0047349,0.00015,7,3,6.00,
417,195.0,Manta trawl,SV Wizard,8,8,2015,0.67,1.17,0.50,36.63400,-144.42050,36.62783,-144.35733,5.68,0.0009,0.00511029,0.00015,1,1,6.00,
418,196.0,Manta trawl,SV Wizard,8,8,2015,1.20,1.67,0.47,36.62750,-144.35317,36.62583,-144.29517,5.18,0.0009,0.00466119,0.00015,0,0,6.00,
419,197.0,Manta trawl,SV Varuna,7,8,2015,19.73,20.75,1.02,36.35065,-153.74263,36.37187,-153.73827,2.39,0.0009,0.00215226,0.00015,3,1,1.27,
420,198.0,Manta trawl,SV Varuna,7,8,2015,20.97,21.97,1.00,36.37497,-153.69818,36.40085,-153.61722,7.80,0.0009,0.00701838,0.00015,3,1,4.22,
421,199.0,Manta trawl,SV Varuna,7,8,2015,22.20,23.18,0.98,36.40325,-153.57748,36.42282,-153.52315,5.33,0.0009,0.00479394,0.00015,2,1,2.93,
422,200.0,Manta trawl,SV Varuna,7,8,2015,23.38,0.37,0.98,36.42522,-153.51755,36.43557,-153.43505,7.47,0.0009,0.00672309,0.00015,1,1,4.11,
423,201.0,Manta trawl,SV Varuna,8,8,2015,19.27,20.27,1.00,36.95053,-150.68783,36.96252,-150.61227,6.85,0.0009,0.00616086,0.00015,9,3,3.70,
424,202.0,Manta trawl,SV Varuna,8,8,2015,20.37,21.37,1.00,36.96500,-150.61070,36.98638,-150.53603,7.05,0.0009,0.00634149,0.00015,9,3,3.81,
425,203.0,Manta trawl,SV Varuna,10,8,2015,23.93,0.93,1.00,36.81138,-142.17472,36.83372,-142.10345,6.81,0.0009,0.00613107,0.00015,10,3,3.68,
426,204.0,Manta trawl,SV Laysan,31,7,2015,21.80,22.98,1.18,25.54430,-154.28470,25.60900,-154.23260,8.89,0.0009,0.00800262,0.00015,16,4,4.06,
427,205.0,Manta trawl,SV Laysan,31,7,2015,23.15,0.15,1.00,25.61810,-154.22350,25.68040,-154.17280,8.59,0.0009,0.00773253,0.00015,16,3,4.65,
428,206.0,Manta trawl,SV Laysan,1,8,2015,0.38,1.43,1.05,25.67980,-154.17250,25.74060,-154.12420,8.31,0.0009,0.0074826,0.00015,17,3,4.28,
429,207.0,Manta trawl,SV Laysan,1,8,2015,23.20,0.30,1.10,27.17600,-152.90130,27.23710,-152.84960,8.50,0.0009,0.00765261,0.00015,18,4,4.18,
430,208.0,Manta trawl,SV Laysan,2,8,2015,0.37,1.35,0.98,27.23850,-152.84800,27.29560,-152.79880,8.00,0.0009,0.00719775,0.00015,16,4,4.4,
431,209.0,Manta trawl,SV Laysan,2,8,2015,1.48,2.48,1.00,27.29810,-152.79890,27.35400,-152.75210,7.75,0.0009,0.00697194,0.00015,20,4,4.18,
432,210.0,Manta trawl,SV Laysan,2,8,2015,0.40,1.42,1.02,28.62360,-151.62940,28.67600,-151.58520,7.25,0.0009,0.00652437,0.00015,17,4,3.85,
433,211.0,Manta trawl,SV Laysan,3,8,2015,1.63,2.67,1.03,28.68190,-151.58490,28.73650,-151.53550,7.75,0.0009,0.00697545,0.00015,20,4,4.06,
434,212.0,Manta trawl,SV Laysan,3,8,2015,2.87,3.85,0.98,28.73670,-151.53540,28.79850,-151.48030,8.72,0.0009,0.00784944,0.00015,20,4,4.8,
435,213.0,Manta trawl,SV Laysan,3,8,2015,23.35,0.37,1.02,30.00660,-150.37650,30.06700,-150.32100,8.58,0.0009,0.00772371,0.00015,22,4,4.56,
436,214.0,Manta trawl,SV Laysan,4,8,2015,0.50,1.48,0.98,30.07070,-150.31920,30.12970,-150.26470,8.40,0.0009,0.00755829,0.00015,19,4,4.62,
437,215.0,Manta trawl,SV Laysan,4,8,2015,1.53,2.53,1.00,30.13240,-150.26440,30.19200,-150.20860,8.53,0.0009,0.00767376,0.00015,22,4,4.61,
438,216.0,Manta trawl,SV Laysan,5,8,2015,1.78,2.78,1.00,31.63710,-148.82050,31.69510,-148.76520,8.31,0.0009,0.00747513,0.00015,16,3,4.49,
439,217.0,Manta trawl,SV Laysan,5,8,2015,2.90,3.77,0.87,31.69610,-148.76420,31.74210,-148.72140,6.52,0.0009,0.00587088,0.00015,16,3,4.07,
440,218.0,Manta trawl,SV Laysan,5,8,2015,3.83,4.70,0.87,31.74310,-148.71720,31.79370,-148.67230,7.05,0.0009,0.0063432,0.00015,11,3,4.4,
441,219.0,Manta trawl,SV Laysan,5,8,2015,23.12,0.17,1.05,33.02350,-147.45320,33.08740,-147.39140,9.15,0.0009,0.00823185,0.00015,15,3,4.71,
442,220.0,Manta trawl,SV Laysan,6,8,2015,0.23,1.23,1.00,33.08970,-147.38950,33.15050,-147.32970,8.76,0.0009,0.00788319,0.00015,14,3,4.74,
443,221.0,Manta trawl,SV Laysan,6,8,2015,1.18,2.27,1.08,33.15070,-147.33000,33.21140,-147.26760,8.90,0.0009,0.00801351,0.00015,12,3,4.44,
444,222.0,Manta trawl,SV Laysan,6,8,2015,0.15,1.17,1.02,34.70750,-145.70640,34.77540,-145.63450,10.01,0.0009,0.00900747,0.00015,15,3,5.32,
445,223.0,Manta trawl,SV Laysan,7,8,2015,1.30,2.27,0.97,34.77820,-145.63220,34.84340,-145.56270,9.63,0.0009,0.00867096,0.00015,10,3,5.39,
446,224.0,Manta trawl,SV Laysan,7,8,2015,2.35,3.32,0.97,34.84580,-145.56070,34.90660,-145.49660,8.94,0.0009,0.00804474,0.00015,12,3,5,
447,225.0,Manta trawl,SV Laysan,7,8,2015,22.50,23.57,1.07,36.30820,-143.94900,36.38320,-143.86480,11.24,0.0009,0.01011924,0.00015,11,2,5.7,
448,226.0,Manta trawl,SV Laysan,7,8,2015,23.65,0.72,1.07,36.38640,-143.86130,36.46200,-143.77520,11.40,0.0009,0.01026198,0.00015,6,2,5.78,
449,227.0,Manta trawl,SV Laysan,8,8,2015,0.80,1.80,1.00,36.46510,-143.77040,36.53340,-143.69280,10.29,0.0009,0.00925695,0.00015,6,2,5.56,
450,228.0,Manta trawl,SV Laysan,9,8,2015,2.37,3.35,0.98,38.39670,-141.50090,38.45520,-141.42920,9.02,0.0009,0.0081162,0.00015,15,4,4.96,
451,229.0,Manta trawl,SV Laysan,9,8,2015,23.78,0.78,1.00,39.76090,-139.77240,39.81680,-139.69910,8.82,0.0009,0.00794151,0.00015,20,3,4.77,
452,230.0,Manta trawl,SV Laysan,10,8,2015,0.83,1.87,1.03,39.81760,-139.69700,39.87330,-139.62340,8.82,0.0009,0.00794052,0.00015,12,3,4.62,
453,231.0,Manta trawl,SV Laysan,10,8,2015,1.92,3.00,1.08,39.87440,-139.62070,39.93570,-139.53970,9.71,0.0009,0.00873504,0.00015,12,3,4.84,
454,232.0,Manta trawl,SV Destroyer,19,8,2015,20.00,21.00,1.00,31.70250,-142.91550,31.64710,-142.84910,8.87,0.0009,0.007983,0.00015,13,4,4,
455,233.0,Manta trawl,SV Destroyer,20,8,2015,3.50,4.50,1.00,31.23970,-142.15190,31.18700,-142.12340,6.59,0.0009,0.005931,0.00015,14,4,3.6,
456,234.0,Manta trawl,SV Destroyer,20,8,2015,18.25,19.25,1.00,30.55010,-140.61140,30.55290,-140.55000,6.00,0.0009,0.0054,0.00015,11.5,4,3.4,
457,235.0,Manta trawl,SV Destroyer,21,8,2015,3.42,4.42,1.00,30.58940,-139.68390,30.58340,-139.61610,6.61,0.0009,0.005949,0.00015,11,4,3.5,
458,236.0,Manta trawl,SV Destroyer,21,8,2015,18.83,19.83,1.00,30.41970,-137.83120,30.43300,-137.77680,5.43,0.0009,0.004887,0.00015,9,3,2.93,
459,237.0,Manta trawl,SV Destroyer,22,8,2015,22.22,23.25,1.03,30.11910,-133.88320,30.14220,-133.82320,6.38,0.0009,0.005742,0.00015,9,3,3.45,
460,238.0,Manta trawl,SV Destroyer,22,8,2015,23.28,0.28,1.00,30.14220,-133.82320,30.14870,-133.76950,5.00,0.0009,0.0045,0.00015,8,3,2.71,
461,239.0,Manta trawl,SV Destroyer,23,8,2015,0.33,1.33,1.00,30.14870,-133.76950,30.13260,-133.72580,4.83,0.0009,0.004347,0.00015,6,2,2.61,
462,241.0,Manta trawl,SV Carinthia,13,8,2015,20.07,21.07,1.00,33.98830,-154.42690,34.05210,-154.40210,7.45,0.0009,0.00670797,0.00015,13,3,4.03,
463,243.0,Manta trawl,SV Carinthia,13,8,2015,22.30,23.27,0.97,34.12170,-154.38180,34.17440,-154.37160,5.93,0.0009,0.00534123,0.00015,14,3,3.32,
464,244.0,Manta trawl,SV Carinthia,13,8,2015,23.37,0.33,0.97,34.17650,-154.37170,34.23200,-154.36260,6.23,0.0009,0.00560502,0.00015,16,3,3.48,
465,245.0,Manta trawl,SV Carinthia,14,8,2015,0.45,1.45,1.00,34.23300,-154.36210,34.25730,-154.33250,3.83,0.0009,0.00345105,0.00015,15,3,2.08,
466,246.0,Manta trawl,SV Carinthia,14,8,2015,19.38,20.37,0.98,36.14330,-153.74070,36.21640,-153.72690,8.22,0.0009,0.00739998,0.00015,14,4,4.52,
467,247.0,Manta trawl,SV Carinthia,14,8,2015,20.47,21.42,0.95,36.22140,-153.72250,36.28800,-153.70680,7.54,0.0009,0.00678438,0.00015,14,4,4.29,
468,248.0,Manta trawl,SV Carinthia,14,8,2015,21.58,22.55,0.97,36.28740,-153.70680,36.35410,-153.67220,8.04,0.0009,0.00723456,0.00015,16,4,4.49,
469,249.0,Manta trawl,SV Carinthia,14,8,2015,22.58,23.62,1.03,36.35600,-153.67150,36.38960,-153.63410,5.02,0.0009,0.00451539,0.00015,20,4,2.63,
470,250.0,Manta trawl,SV Carinthia,14,8,2015,23.70,0.67,0.97,36.39120,-153.63240,36.45330,-153.61290,7.12,0.0009,0.00640998,0.00015,14,4,3.98,
471,251.0,Manta trawl,SV Carinthia,15,8,2015,0.75,1.75,1.00,36.45420,-153.61360,36.52070,-153.60110,7.48,0.0009,0.00673056,0.00015,12,4,4.05,
472,252.0,Manta trawl,SV Carinthia,15,8,2015,20.13,21.12,0.98,38.26540,-152.60520,38.31370,-152.54820,7.32,0.0009,0.00658863,0.00015,17,4,4.03,
473,253.0,Manta trawl,SV Carinthia,15,8,2015,21.25,22.27,1.02,38.31440,-152.54880,38.35790,-152.48660,7.27,0.0009,0.00654147,0.00015,14,4,3.87,
474,254.0,Manta trawl,SV Carinthia,15,8,2015,22.38,23.37,0.98,38.36080,-152.48230,38.40660,-152.42710,7.01,0.0009,0.00630549,0.00015,14,4,3.85,
475,255.0,Manta trawl,SV Carinthia,15,8,2015,23.42,0.42,1.00,38.40900,-152.42310,38.44950,-152.36770,6.60,0.0009,0.00594054,0.00015,14,4,3.57,
476,256.0,Manta trawl,SV Carinthia,16,8,2015,0.43,1.38,0.95,38.45100,-152.36570,38.49710,-152.30610,7.29,0.0009,0.00656424,0.00015,14,4,4.15,
477,260.0,Manta trawl,SV Carinthia,16,8,2015,23.53,0.42,0.88,40.45710,-151.26810,40.51490,-151.24160,6.81,0.0009,0.00612594,0.00015,18,4,4.17,
478,261.0,Manta trawl,SV Carinthia,24,8,2015,18.75,19.75,1.00,39.99030,-130.43510,39.98360,-130.34290,7.89,0.0009,0.00710136,0.00015,5,2,4.26,
479,262.0,Manta trawl,SV Carinthia,24,8,2015,19.83,20.83,1.00,39.98230,-130.34050,39.96540,-130.27700,5.73,0.0009,0.0051552,0.00015,8,2,3.1,
480,263.0,Manta trawl,SV Swiftsure,24,8,2015,19.33,20.25,0.92,27.60000,-152.28330,27.61670,-152.25000,3.77,0.0009,0.00339318,0.00015,2,1,2.22,
481,264.0,Manta trawl,SV Swiftsure,25,8,2015,1.25,2.17,0.92,27.83330,-151.81670,27.86750,-151.77920,5.30,0.0009,0.00476694,0.00015,9,3,3.12,
482,265.0,Manta trawl,SV Swiftsure,25,8,2015,18.78,19.77,0.98,28.22550,-150.46150,28.26470,-150.43770,4.94,0.0009,0.00444879,0.00015,10,3,2.72,
483,266.0,Manta trawl,SV Swiftsure,25,8,2015,19.85,20.83,0.98,28.28000,-150.43630,28.29470,-150.40280,3.66,0.0009,0.00329841,0.00015,10,3,2.01,
484,267.0,Manta trawl,SV Swiftsure,25,8,2015,20.93,21.88,0.95,28.29920,-150.40070,28.32720,-150.36920,4.38,0.0009,0.0039438,0.00015,10,3,2.49,
485,268.0,Manta trawl,SV Swiftsure,26,8,2015,1.25,2.22,0.97,28.37280,-150.04480,28.37330,-149.99820,4.56,0.0009,0.00410364,0.00015,10,3,2.55,
486,269.0,Manta trawl,SV Swiftsure,26,8,2015,2.28,3.23,0.95,28.37400,-149.99300,28.38320,-149.95420,3.93,0.0009,0.00353817,0.00015,5,2,2.2,
487,270.0,Manta trawl,SV Swiftsure,26,8,2015,3.30,4.30,1.00,28.38400,-149.95120,28.39750,-149.90630,4.64,0.0009,0.00417744,0.00015,0,1,2.51,
488,271.0,Manta trawl,SV Swiftsure,26,8,2015,19.00,20.00,1.00,28.33840,-148.86890,28.29830,-148.88320,4.67,0.0009,0.00420615,0.00015,8,3,2.52,
489,272.0,Manta trawl,SV Swiftsure,26,8,2015,20.02,20.97,0.95,28.28580,-148.88580,28.26320,-148.90680,3.24,0.0009,0.0029187,0.00015,5,2,1.85,
490,273.0,Manta trawl,SV Swiftsure,27,8,2015,0.60,1.53,0.93,28.09130,-149.16070,28.08300,-149.19470,3.46,0.0009,0.00311463,0.00015,8,3,2,
491,274.0,Manta trawl,SV Swiftsure,27,8,2015,19.27,20.27,1.00,26.73650,-150.56100,26.69970,-150.59270,5.16,0.0009,0.00464679,0.00015,4,2,2.79,
492,275.0,Manta trawl,SV Swiftsure,28,8,2015,3.00,4.00,1.00,26.27170,-151.27020,26.23880,-151.33170,7.14,0.0009,0.00642708,0.00015,4,2,3.86,
493,276.0,Manta trawl,SV Stay Gold,18,8,2015,20.20,21.20,1.00,29.62060,-134.11120,29.63980,-134.17130,6.19,0.0009,0.00556992,0.00015,19,5,3.35,
494,277.0,Manta trawl,SV Stay Gold,19,8,2015,18.58,19.58,1.00,29.62300,-135.85430,29.64830,-135.89050,4.49,0.0009,0.00404055,0.00015,19,5,2.42,
495,278.0,Manta trawl,SV Stay Gold,19,8,2015,19.75,20.75,1.00,29.64910,-135.89130,29.67350,-135.93380,4.92,0.0009,0.00442971,0.00015,14,4,2.66,
496,279.0,Manta trawl,SV Stay Gold,19,8,2015,20.92,21.92,1.00,29.67270,-135.93500,29.69870,-135.98380,5.53,0.0009,0.004977,0.00015,19,5,2.99,
497,280.0,Manta trawl,SV Stay Gold,20,8,2015,18.60,19.55,0.95,29.86250,-137.55620,29.87400,-137.59360,3.83,0.0009,0.00344367,0.00015,9,3,2.18,
498,281.0,Manta trawl,SV Stay Gold,20,8,2015,19.67,20.62,0.95,29.87380,-137.59430,29.88030,-137.61870,2.46,0.0009,0.00221499,0.00015,3,2,1.4,
499,282.0,Manta trawl,SV Stay Gold,20,8,2015,20.75,21.65,0.90,29.88090,-137.62390,29.88750,-137.64770,2.41,0.0009,0.00216819,0.00015,3,2,1.45,
500,283.0,Manta trawl,SV Stay Gold,21,8,2015,18.62,19.65,1.03,30.02740,-139.05180,30.02590,-139.09180,3.85,0.0009,0.00346905,0.00015,9,3,2.02,
501,284.0,Manta trawl,SV Stay Gold,21,8,2015,19.82,20.77,0.95,30.02220,-139.09860,30.02570,-139.13210,3.25,0.0009,0.00292374,0.00015,17,5,1.85,
502,285.0,Manta trawl,SV Stay Gold,21,8,2015,20.87,21.82,0.95,30.02290,-139.13290,30.01330,-139.17200,3.91,0.0009,0.0035217,0.00015,9,3,2.22,
503,286.0,Manta trawl,SV Stay Gold,22,8,2015,19.33,20.28,0.95,28.98480,-140.05710,28.94770,-140.09460,5.51,0.0009,0.00495639,0.00015,17,5,3.14,
504,287.0,Manta trawl,SV Stay Gold,22,8,2015,20.37,21.33,0.97,28.94510,-140.09440,28.91970,-140.14210,5.43,0.0009,0.00489033,0.00015,17,5,3.04,
505,288.0,Manta trawl,SV Stay Gold,22,8,2015,21.43,22.38,0.95,28.91810,-140.14190,28.89080,-140.19050,5.62,0.0009,0.0050589,0.00015,17,5,3.2,
506,289.0,Manta trawl,SV Stay Gold,23,8,2015,19.12,20.13,1.02,28.18110,-141.35520,28.18070,-141.39270,3.68,0.0009,0.00330822,0.00015,9,3,1.96,
507,290.0,Manta trawl,SV Stay Gold,23,8,2015,20.23,21.18,0.95,28.17940,-141.42670,28.16720,-141.42670,1.35,0.0009,0.0012168,0.00015,9,3,0.78,
508,291.0,Manta trawl,SV Stay Gold,23,8,2015,21.27,22.18,0.92,28.16700,-141.42940,28.15030,-141.46560,4.01,0.0009,0.00360477,0.00015,9,3,2.36,
509,293.0,Manta trawl,SV Stay Gold,24,8,2015,20.42,21.42,1.00,27.62880,-142.89970,27.62500,-142.94270,4.26,0.0009,0.00383157,0.00015,9,3,2.3,
510,294.0,Manta trawl,SV Stay Gold,24,8,2015,21.50,22.37,0.87,27.62310,-142.94300,27.61910,-142.98280,3.95,0.0009,0.00355167,0.00015,14,4,2.47,
511,295.0,Manta trawl,SV Stay Gold,26,8,2015,19.33,20.28,0.95,27.44550,-145.49410,27.43030,-145.52600,3.57,0.0009,0.00321579,0.00015,21,5,2.03,
512,296.0,Manta trawl,SV Stay Gold,26,8,2015,20.35,21.30,0.95,27.43290,-145.52510,27.41870,-145.55880,3.68,0.0009,0.00331371,0.00015,21,5,2.1,
513,297.0,Manta trawl,SV Stay Gold,26,8,2015,21.37,22.32,0.95,27.42090,-145.55680,27.41370,-145.58520,2.92,0.0009,0.00262377,0.00015,17,5,1.66,
514,298.0,Manta trawl,SV Swiftsure,26,8,2015,21.02,21.97,0.95,28.26183,-148.91033,28.23750,-148.94783,4.56,0.0009,0.00410571,0.00015,5,2,2.59,
515,299.0,Manta trawl,SV Magnolia,4,9,2015,1.08,2.08,1.00,40.32470,-130.01170,40.28080,-130.01270,4.88,0.0009,0.00439398,0.00015,10,3,2.64,
516,300.0,Manta trawl,SV Magnolia,4,9,2015,2.27,3.22,0.95,40.27750,-130.01510,40.24030,-130.01070,4.15,0.0009,0.00373797,0.00015,11,3,2.37,
517,301.0,Manta trawl,SV Magnolia,4,9,2015,15.87,16.82,0.95,39.53060,-130.09710,39.49170,-130.09830,4.33,0.0009,0.00389403,0.00015,17,3,2.46,
518,304.0,Manta trawl,SV Magnolia,4,9,2015,22.45,23.45,1.00,39.19690,-130.09260,39.16300,-130.09730,3.79,0.0009,0.00341208,0.00015,10,3,2.05,
519,305.0,Manta trawl,SV Magnolia,4,9,2015,23.58,0.58,1.00,39.15830,-130.09840,39.12820,-130.10860,3.46,0.0009,0.00311454,0.00015,10,2,1.87,
520,306.0,Manta trawl,SV Magnolia,5,9,2015,0.73,1.73,1.00,39.12310,-130.11090,39.09650,-130.12270,3.13,0.0009,0.00281529,0.00015,10,3,1.69,
521,307.0,Manta trawl,SV Magnolia,5,9,2015,15.95,16.78,0.83,38.53330,-130.48330,38.51340,-130.44220,4.20,0.0009,0.00378432,0.00015,10,2,2.73,
522,308.0,Manta trawl,SV Magnolia,5,9,2015,16.97,17.95,0.98,38.50740,-130.43670,38.47640,-130.42680,3.55,0.0009,0.00319779,0.00015,10,2,1.95,
523,309.0,Manta trawl,SV Magnolia,5,9,2015,18.12,19.08,0.97,38.47120,-130.43210,38.44750,-130.46030,3.60,0.0009,0.00324171,0.00015,10,2,2.01,
524,310.0,Manta trawl,SV Magnolia,5,9,2015,22.00,23.07,1.07,38.34040,-130.51430,38.30290,-130.48730,4.79,0.0009,0.00431019,0.00015,15,3,2.43,
525,311.0,Manta trawl,SV Magnolia,5,9,2015,23.28,0.30,1.02,38.29410,-130.48630,38.26110,-130.46350,4.17,0.0009,0.00375696,0.00015,10,2,2.23,
526,312.0,Manta trawl,SV Magnolia,6,9,2015,0.45,1.42,0.97,38.25860,-130.46870,38.22780,-130.50380,4.60,0.0009,0.00413667,0.00015,12,2,2.57,
527,313.0,Manta trawl,SV Magnolia,6,9,2015,16.55,17.60,1.05,37.59250,-131.47260,37.54060,-131.49760,6.18,0.0009,0.00555966,0.00015,12,2,3.18,
528,314.0,Manta trawl,SV Magnolia,6,9,2015,17.82,18.78,0.97,37.54670,-131.49670,37.50520,-131.46650,5.33,0.0009,0.0047952,0.00015,15,3,2.98,
529,315.0,Manta trawl,SV Magnolia,6,9,2015,18.93,19.92,0.98,37.49830,-131.47490,37.45180,-131.50400,5.77,0.0009,0.00519579,0.00015,10,2,3.17,
530,316.0,Manta trawl,SV Magnolia,6,9,2015,21.97,22.93,0.97,37.34920,-131.62710,37.31560,-131.55790,7.17,0.0009,0.00645192,0.00015,10,2,4.01,
531,317.0,Manta trawl,SV Magnolia,6,9,2015,23.13,0.12,0.98,37.30870,-131.56620,37.27340,-131.60310,5.11,0.0009,0.00459468,0.00015,10,2,2.8,
532,318.0,Manta trawl,SV Magnolia,7,9,2015,0.23,1.20,0.97,37.26930,-131.60960,37.23920,-131.64290,4.46,0.0009,0.00401373,0.00015,10,2,2.5,
533,319.0,Manta trawl,SV Magnolia,7,9,2015,15.17,16.15,0.98,36.86220,-132.77420,36.85560,-132.83550,5.50,0.0009,0.00495261,0.00015,20,3,3.03,
534,320.0,Manta trawl,SV Magnolia,7,9,2015,16.32,17.27,0.95,36.85590,-132.84880,36.84800,-132.90870,5.40,0.0009,0.00486144,0.00015,15,3,3.07,
535,321.0,Manta trawl,SV Magnolia,7,9,2015,17.42,18.37,0.95,36.84750,-132.91940,36.84220,-132.97430,4.92,0.0009,0.00442863,0.00015,12,2,2.8,
536,322.0,Manta trawl,SV Magnolia,7,9,2015,21.92,22.97,1.05,36.81950,-133.19320,36.77060,-133.19040,5.44,0.0009,0.00489879,0.00015,10,2,2.8,
537,323.0,Manta trawl,SV Magnolia,7,9,2015,23.10,0.07,0.97,36.77030,-133.19120,36.72680,-133.19780,4.85,0.0009,0.004365,0.00015,10,3,2.62,
538,324.0,Manta trawl,SV Magnolia,8,9,2015,0.27,1.25,0.98,36.70310,-133.21130,36.66910,-133.20250,3.86,0.0009,0.00347508,0.00015,10,2,2.12,
539,325.0,Manta trawl,SV Magnolia,8,9,2015,15.20,16.20,1.00,35.61980,-132.86970,35.56950,-132.88760,5.82,0.0009,0.00524034,0.00015,20,3,3.15,
540,326.0,Manta trawl,SV Magnolia,8,9,2015,16.48,17.47,0.98,35.55180,-132.89680,35.51250,-132.91290,4.61,0.0009,0.00414576,0.00015,25,4,2.53,
541,327.0,Manta trawl,SV Magnolia,8,9,2015,17.60,18.57,0.97,35.49440,-132.91570,35.44800,-132.93920,5.58,0.0009,0.00502299,0.00015,25,4,3.12,
542,328.0,Manta trawl,SV Magnolia,8,9,2015,18.77,19.73,0.97,35.44850,-132.94920,35.39660,-132.94980,5.77,0.0009,0.00519417,0.00015,25,4,3.23,
543,329.0,Manta trawl,SV Magnolia,8,9,2015,19.95,20.92,0.97,35.39660,-132.93680,35.34510,-132.94600,5.79,0.0009,0.0052083,0.00015,15,3,3.24,
544,330.0,Manta trawl,SV Magnolia,8,9,2015,21.05,22.00,0.95,35.34050,-132.94930,35.29750,-132.95810,4.85,0.0009,0.00436284,0.00015,18,3,2.76,
545,331.0,Manta trawl,SV Magnolia,8,9,2015,22.15,23.10,0.95,35.29070,-132.96020,35.24260,-132.96630,5.38,0.0009,0.00483939,0.00015,15,4,3.06,
546,334.0,Manta trawl,SV Magnolia,9,9,2015,18.10,19.07,0.97,33.79600,-132.75800,33.74870,-132.75940,5.26,0.0009,0.00473499,0.00015,18,3,2.94,
547,335.0,Manta trawl,SV Magnolia,9,9,2015,19.20,20.18,0.98,33.74170,-132.76270,33.68910,-132.78070,6.08,0.0009,0.00547308,0.00015,18,3,3.34,
548,336.0,Manta trawl,SV Magnolia,9,9,2015,23.60,0.57,0.97,33.65410,-132.94640,33.64900,-132.98780,3.87,0.0009,0.00348642,0.00015,18,3,2.17,
549,337.0,Manta trawl,SV Magnolia,10,9,2015,0.68,1.68,1.00,33.64940,-132.99310,33.64870,-133.03400,3.79,0.0009,0.00340803,0.00015,18,3,2.05,
550,338.0,Manta trawl,SV Magnolia,10,9,2015,1.82,2.82,1.00,33.64970,-133.03760,33.64560,-133.07980,3.93,0.0009,0.00353952,0.00015,20,3,2.12,
551,339.0,Manta trawl,SV Magnolia,9,9,2015,20.28,21.25,0.97,33.68800,-132.79850,33.67960,-132.83190,3.23,0.0009,0.00290565,0.00015,18,3,1.81,
552,340.0,Manta trawl,SV Magnolia,9,9,2015,21.38,22.35,0.97,33.67730,-132.83950,33.66450,-132.88510,4.45,0.0009,0.00400806,0.00015,20,3,2.49,
553,341.0,Manta trawl,SV Magnolia,9,9,2015,22.50,23.48,0.98,33.66290,-132.89340,33.65450,-132.94110,4.51,0.0009,0.00406125,0.00015,18,3,2.48,
554,342.0,Manta trawl,SV Magnolia,10,9,2015,16.50,17.47,0.97,33.11650,-133.05850,33.10780,-133.09550,3.58,0.0009,0.00322137,0.00015,15,2,2,
555,343.0,Manta trawl,SV Magnolia,10,9,2015,17.62,18.58,0.97,33.10740,-133.10220,33.10600,-133.13680,3.23,0.0009,0.00290385,0.00015,10,2,1.8,
556,344.0,Manta trawl,SV Magnolia,10,9,2015,18.68,19.67,0.98,33.10870,-133.14090,33.09160,-133.17730,3.89,0.0009,0.00349866,0.00015,10,2,2.14,
557,345.0,Manta trawl,SV Magnolia,10,9,2015,19.82,20.82,1.00,33.09020,-133.18980,33.07950,-133.22780,3.73,0.0009,0.00336141,0.00015,10,2,2.02,
558,346.0,Manta trawl,SV Magnolia,10,9,2015,20.95,21.93,0.98,33.07770,-133.22260,33.06420,-133.24880,2.87,0.0009,0.00257931,0.00015,10,2,1.57,
559,347.0,Manta trawl,SV Magnolia,10,9,2015,22.20,23.15,0.95,33.06460,-133.25670,33.05440,-133.28940,3.25,0.0009,0.00292644,0.00015,7,2,1.85,
560,348.0,Manta trawl,SV Magnolia,10,9,2015,23.27,0.23,0.97,33.05250,-133.29380,33.03980,-133.32900,3.57,0.0009,0.00321471,0.00015,8,3,2,
561,349.0,Manta trawl,SV Magnolia,11,9,2015,0.37,1.33,0.97,33.03800,-133.33560,33.02760,-133.38190,4.47,0.0009,0.00402156,0.00015,8,3,2.5,
562,350.0,Manta trawl,SV Magnolia,11,9,2015,1.45,2.43,0.98,33.02680,-133.38870,33.01870,-133.44160,5.01,0.0009,0.00451215,0.00015,10,2,2.76,
563,351.0,Manta trawl,SV Magnolia,11,9,2015,15.05,16.03,0.98,32.47680,-133.44390,32.47570,-133.47620,3.03,0.0009,0.00272916,0.00015,10,2,1.66,
564,352.0,Manta trawl,SV Magnolia,11,9,2015,16.32,17.33,1.02,32.47640,-133.48190,32.47260,-133.51110,2.77,0.0009,0.00249444,0.00015,8,2,1.48,
565,353.0,Manta trawl,SV Magnolia,11,9,2015,17.48,18.48,1.00,32.47230,-133.52550,32.46570,-133.55630,2.98,0.0009,0.00268308,0.00015,10,2,1.61,
566,354.0,Manta trawl,SV Magnolia,11,9,2015,18.60,19.62,1.02,32.46530,-133.56250,32.45960,-133.60560,4.09,0.0009,0.0036837,0.00015,10,2,2.17,
567,355.0,Manta trawl,SV Magnolia,11,9,2015,19.73,20.70,0.97,32.45930,-133.61040,32.46180,-133.64980,3.71,0.0009,0.0033363,0.00015,10,2,2.07,
568,356.0,Manta trawl,SV Magnolia,11,9,2015,20.82,21.83,1.02,32.45680,-133.65520,32.44130,-133.69860,4.42,0.0009,0.00397989,0.00015,10,2,2.35,
569,357.0,Manta trawl,SV Magnolia,11,9,2015,21.93,22.97,1.03,32.44100,-133.70440,32.43820,-133.74870,4.17,0.0009,0.00375201,0.00015,12,2,2.18,
570,358.0,Manta trawl,SV Magnolia,11,9,2015,23.07,0.07,1.00,32.43810,-133.75360,32.43700,-133.79600,3.98,0.0009,0.00358281,0.00015,10,2,2.15,
571,359.0,Manta trawl,SV Magnolia,12,9,2015,0.18,1.20,1.02,32.43730,-133.80190,32.44500,-133.84370,4.02,0.0009,0.0036135,0.00015,10,2,2.14,
572,360.0,Manta trawl,SV Magnolia,12,9,2015,1.30,2.27,0.97,32.44200,-133.84930,32.43160,-133.89450,4.40,0.0009,0.00395703,0.00015,10,2,2.46,
573,363.0,Manta trawl,SV Magnolia,12,9,2015,16.38,17.48,1.10,31.83140,-133.91450,31.82950,-133.96300,4.59,0.0009,0.00412812,0.00015,10,2,2.25,
574,364.0,Manta trawl,SV Magnolia,12,9,2015,17.62,18.60,0.98,31.82760,-133.97230,31.81120,-134.01850,4.73,0.0009,0.00425772,0.00015,12,2,2.6,
575,365.0,Manta trawl,SV Magnolia,12,9,2015,18.80,19.80,1.00,31.80220,-134.02150,31.76000,-134.02610,4.71,0.0009,0.00424125,0.00015,15,3,2.55,
576,366.0,Manta trawl,SV Magnolia,12,9,2015,19.92,20.92,1.00,31.75260,-134.02940,31.70650,-134.03960,5.22,0.0009,0.00469449,0.00015,15,2,2.82,
577,367.0,Manta trawl,SV Magnolia,12,9,2015,21.08,22.03,0.95,31.69830,-134.03980,31.66520,-134.05770,4.05,0.0009,0.00364644,0.00015,10,2,2.31,
578,368.0,Manta trawl,SV Magnolia,12,9,2015,22.25,23.23,0.98,31.64020,-134.05440,31.58950,-134.06330,5.70,0.0009,0.00513018,0.00015,12,2,3.13,
579,369.0,Manta trawl,SV Magnolia,12,9,2015,23.43,0.38,0.95,31.57970,-134.07030,31.54050,-134.07930,4.44,0.0009,0.00399735,0.00015,15,2,2.53,
580,370.0,Manta trawl,SV Magnolia,13,9,2015,0.50,1.55,1.05,31.52820,-134.08020,31.47710,-134.08600,5.71,0.0009,0.00513774,0.00015,15,3,2.94,
581,371.0,Manta trawl,SV Magnolia,13,9,2015,1.68,2.65,0.97,31.47030,-134.08330,31.42020,-134.08270,5.57,0.0009,0.00501408,0.00015,15,3,3.11,
582,372.0,Manta trawl,SV Magnolia,13,9,2015,2.77,3.73,0.97,31.41430,-134.08330,31.46300,-134.08850,5.44,0.0009,0.00489384,0.00015,15,3,3.04,
583,373.0,Manta trawl,SV Magnolia,13,9,2015,15.25,16.25,1.00,30.55920,-133.94460,30.51850,-133.93940,4.55,0.0009,0.0040977,0.00015,10,2,2.46,
584,374.0,Manta trawl,SV Magnolia,13,9,2015,16.43,17.43,1.00,30.51010,-133.93620,30.46510,-133.93550,5.00,0.0009,0.00450378,0.00015,10,3,2.7,
585,375.0,Manta trawl,SV Magnolia,13,9,2015,17.65,18.63,0.98,30.46270,-133.93770,30.42820,-133.92400,4.05,0.0009,0.00364932,0.00015,12,3,2.23,
586,376.0,Manta trawl,SV Magnolia,13,9,2015,18.90,19.92,1.02,30.40320,-133.92250,30.40370,-133.90880,1.32,0.0009,0.00118359,0.00015,12,3,0.7,caught a massive rope island 4*5 - 50lbs (obs from Julia: it is a ghostnet - pic provided by them in Dec'16). It was in the wing so not considered part of the sample
587,377.0,Manta trawl,SV Magnolia,13,9,2015,20.10,21.07,0.97,30.34470,-133.90600,30.30710,-133.88840,4.51,0.0009,0.00405837,0.00015,12,3,2.52,
588,378.0,Manta trawl,SV Magnolia,13,9,2015,21.22,22.30,1.08,30.29830,-133.88280,30.24960,-133.86010,5.84,0.0009,0.00525375,0.00015,12,3,2.92,
589,379.0,Manta trawl,SV Magnolia,13,9,2015,22.43,23.38,0.95,30.24920,-133.85990,30.20830,-133.84260,4.84,0.0009,0.00435789,0.00015,12,3,2.75,
590,380.0,Manta trawl,SV Magnolia,13,9,2015,23.50,0.48,0.98,30.20300,-133.84180,30.16890,-133.82610,4.08,0.0009,0.0036729,0.00015,10,2,2.24,
591,381.0,Manta trawl,SV Magnolia,14,9,2015,0.60,1.60,1.00,30.16410,-133.82700,30.11630,-133.81490,5.44,0.0009,0.0048969,0.00015,10,2,2.94,
592,382.0,Manta trawl,SV Magnolia,14,9,2015,1.68,2.67,0.98,30.11180,-133.81420,30.07170,-133.78740,5.15,0.0009,0.00463563,0.00015,12,2,2.84,
593,383.0,Manta trawl,SV Magnolia,14,9,2015,2.75,3.72,0.97,30.07200,-133.78660,30.02200,-133.75730,6.23,0.0009,0.00561069,0.00015,10,2,3.49,
594,384.0,Manta trawl,SV Magnolia,14,9,2015,15.12,16.15,1.03,29.46330,-133.27970,29.42710,-133.24150,5.47,0.0009,0.00492003,0.00015,12,3,2.86,
595,385.0,Manta trawl,SV Magnolia,14,9,2015,16.23,17.25,1.02,29.42430,-133.24560,29.40270,-133.27380,3.64,0.0009,0.00327357,0.00015,12,2,1.93,
596,386.0,Manta trawl,SV Magnolia,14,9,2015,17.35,18.33,0.98,29.39970,-133.27690,29.37500,-133.31530,4.62,0.0009,0.00416196,0.00015,10,2,2.54,
597,387.0,Manta trawl,SV Magnolia,14,9,2015,19.83,20.80,0.97,29.34180,-133.23210,29.32040,-133.20550,3.51,0.0009,0.00315792,0.00015,10,2,1.97,
598,388.0,Manta trawl,SV Magnolia,14,9,2015,20.93,21.88,0.95,29.33250,-133.20700,29.30630,-133.17090,4.55,0.0009,0.00409842,0.00015,10,2,2.59,
599,389.0,Manta trawl,SV Magnolia,14,9,2015,21.98,22.97,0.98,29.30440,-133.16830,29.28610,-133.12060,5.05,0.0009,0.00454815,0.00015,10,2,2.78,
600,390.0,Manta trawl,SV Magnolia,14,9,2015,23.12,0.13,1.02,29.28060,-133.11000,29.24510,-133.07130,5.45,0.0009,0.00490275,0.00015,10,2,2.9,
601,391.0,Manta trawl,SV Magnolia,15,9,2015,0.22,1.20,0.98,29.23970,-133.06550,29.20650,-133.01320,6.28,0.0009,0.00564831,0.00015,15,3,3.45,
602,392.0,Manta trawl,SV Magnolia,15,9,2015,1.33,2.32,0.98,29.19940,-133.00490,29.16110,-132.95790,6.24,0.0009,0.00561744,0.00015,12,3,3.43,
603,393.0,Manta trawl,SV Magnolia,15,9,2015,14.88,15.88,1.00,28.67160,-132.39650,28.64480,-132.38740,3.11,0.0009,0.00279855,0.00015,10,2,1.68,
604,394.0,Manta trawl,SV Magnolia,15,9,2015,16.00,16.97,0.97,28.64130,-132.38910,28.62700,-132.35410,3.77,0.0009,0.00339102,0.00015,10,2,2.11,
605,395.0,Manta trawl,SV Magnolia,15,9,2015,17.07,18.07,1.00,28.62690,-132.35730,28.60700,-132.32500,3.85,0.0009,0.00346671,0.00015,10,2,2.09,
606,396.0,Manta trawl,SV Magnolia,15,9,2015,18.58,19.55,0.97,28.59870,-132.30480,28.57520,-132.27130,4.19,0.0009,0.00376785,0.00015,10,2,2.34,
607,397.0,Manta trawl,SV Magnolia,15,9,2015,19.65,20.62,0.97,28.57270,-132.27170,28.55180,-132.23540,4.24,0.0009,0.0038151,0.00015,10,2,2.37,
608,398.0,Manta trawl,SV Magnolia,15,9,2015,20.72,21.73,1.02,28.54840,-132.23220,28.52940,-132.20400,3.47,0.0009,0.00312444,0.00015,10,2,1.85,
609,399.0,Manta trawl,SV Magnolia,15,9,2015,21.83,22.82,0.98,28.52660,-132.19990,28.49990,-132.16360,4.63,0.0009,0.00416286,0.00015,10,2,2.54,
610,400.0,Manta trawl,SV Magnolia,15,9,2015,22.88,23.88,1.00,28.49710,-132.16350,28.47980,-132.13110,3.71,0.0009,0.0033345,0.00015,11,2,2,
611,401.0,Manta trawl,SV Magnolia,15,9,2015,23.97,0.97,1.00,28.46580,-132.12930,28.44480,-132.09430,4.14,0.0009,0.00372825,0.00015,13,3,2.24,
612,402.0,Manta trawl,SV Magnolia,16,9,2015,1.07,2.05,0.98,28.43140,-132.09200,28.40670,-132.06280,3.96,0.0009,0.00356589,0.00015,12,3,2.18,
613,405.0,Manta trawl,SV Magnolia,16,9,2015,16.08,17.07,0.98,28.07150,-131.51940,28.05790,-131.48630,3.58,0.0009,0.00322434,0.00015,12,2,1.97,
614,406.0,Manta trawl,SV Magnolia,16,9,2015,17.18,18.18,1.00,28.05600,-131.48260,28.03640,-131.44520,4.27,0.0009,0.00384174,0.00015,10,2,2.31,
615,407.0,Manta trawl,SV Magnolia,16,9,2015,18.27,19.23,0.97,28.04730,-131.44210,28.01570,-131.40330,5.18,0.0009,0.00466344,0.00015,12,2,2.9,
616,408.0,Manta trawl,SV Magnolia,16,9,2015,19.33,20.27,0.93,28.01330,-131.41330,27.99360,-131.38590,3.47,0.0009,0.00312219,0.00015,12,2,2.01,
617,409.0,Manta trawl,SV Magnolia,16,9,2015,20.33,21.33,1.00,27.99280,-131.39380,27.97680,-131.35640,4.08,0.0009,0.00367263,0.00015,12,2,2.21,
618,410.0,Manta trawl,SV Magnolia,16,9,2015,21.42,22.42,1.00,27.97410,-131.35810,27.96600,-131.34630,1.47,0.0009,0.00132093,0.00015,12,2,0.79,
619,411.0,Manta trawl,SV Magnolia,16,9,2015,22.50,23.52,1.02,27.96000,-131.34600,27.93210,-131.31170,4.58,0.0009,0.004122,0.00015,12,2,2.44,
620,412.0,Manta trawl,SV Magnolia,16,9,2015,23.63,0.63,1.00,27.92850,-131.30570,27.90830,-131.27280,3.94,0.0009,0.00354267,0.00015,12,3,2.12,
621,413.0,Manta trawl,SV Magnolia,17,9,2015,0.75,1.82,1.07,27.90540,-131.27040,27.88220,-131.24030,3.93,0.0009,0.0035325,0.00015,13,3,1.99,
622,414.0,Manta trawl,SV Magnolia,17,9,2015,1.93,2.97,1.03,27.87910,-131.23690,27.85410,-131.21150,3.74,0.0009,0.00336294,0.00015,12,3,1.96,
623,415.0,Manta trawl,SV Magnolia,17,9,2015,15.20,16.20,1.00,27.58500,-130.86990,27.55670,-130.84570,3.95,0.0009,0.00355383,0.00015,12,2,2.13,
624,416.0,Manta trawl,SV Magnolia,17,9,2015,16.33,17.35,1.02,27.55670,-130.84670,27.52640,-130.82410,4.04,0.0009,0.00363546,0.00015,12,2,2.15,
625,417.0,Manta trawl,SV Magnolia,17,9,2015,17.50,18.57,1.07,27.52120,-130.82300,27.48260,-130.79450,5.13,0.0009,0.00461763,0.00015,12,3,2.6,
626,418.0,Manta trawl,SV Magnolia,17,9,2015,18.68,19.67,0.98,27.48140,-130.79550,27.45610,-130.77600,3.41,0.0009,0.00306729,0.00015,15,3,1.87,
627,419.0,Manta trawl,SV Magnolia,17,9,2015,19.77,20.75,0.98,27.45460,-130.77680,27.43050,-130.76620,2.88,0.0009,0.00258903,0.00015,15,3,1.58,
628,420.0,Manta trawl,SV Magnolia,17,9,2015,20.82,21.82,1.00,27.42920,-130.75260,27.40210,-130.73100,3.69,0.0009,0.00332226,0.00015,15,3,2,
629,421.0,Manta trawl,SV Magnolia,17,9,2015,21.92,22.92,1.00,27.39990,-130.73100,27.37150,-130.70970,3.79,0.0009,0.00341469,0.00015,15,2,2.05,
630,422.0,Manta trawl,SV Magnolia,17,9,2015,23.10,0.08,0.98,27.37270,-130.71430,27.34780,-130.69570,3.32,0.0009,0.00299043,0.00015,15,2,1.83,
631,423.0,Manta trawl,SV Magnolia,18,9,2015,0.20,1.18,0.98,27.34470,-130.69450,27.31890,-130.67500,3.46,0.0009,0.00310995,0.00015,13,2,1.9,
632,424.0,Manta trawl,SV Magnolia,18,9,2015,1.25,2.23,0.98,27.32580,-130.67680,27.29510,-130.65380,4.10,0.0009,0.00369081,0.00015,15,2,2.26,
633,425.0,Manta trawl,SV Magnolia,18,9,2015,2.30,3.28,0.98,27.29310,-130.65380,27.27240,-130.62320,3.80,0.0009,0.00342036,0.00015,12,2,2.09,
634,426.0,Manta trawl,SV Magnolia,18,9,2015,14.92,15.92,1.00,26.92130,-130.23830,26.91030,-130.21280,2.81,0.0009,0.00252774,0.00015,13,2,1.52,
635,427.0,Manta trawl,SV Magnolia,18,9,2015,15.97,16.97,1.00,26.89980,-130.20980,26.86950,-130.17400,4.89,0.0009,0.00440523,0.00015,13,2,2.65,
636,428.0,Manta trawl,SV Magnolia,18,9,2015,17.03,18.03,1.00,26.86830,-130.17370,26.83020,-130.14510,5.10,0.0009,0.00458901,0.00015,12,2,2.76,
637,429.0,Manta trawl,SV Magnolia,18,9,2015,18.12,19.10,0.98,26.82900,-130.14480,26.80600,-130.11310,4.05,0.0009,0.00364878,0.00015,12,2,2.23,
638,430.0,Manta trawl,SV Magnolia,18,9,2015,19.15,20.15,1.00,26.80450,-130.11320,26.78780,-130.08530,3.33,0.0009,0.00300078,0.00015,12,2,1.8,
639,431.0,Manta trawl,SV Magnolia,18,9,2015,20.30,21.30,1.00,26.78720,-130.08780,26.79520,-130.03930,4.90,0.0009,0.00440595,0.00015,12,2,2.64,
640,433.0,Manta trawl,SV Magnolia,18,9,2015,23.18,0.18,1.00,26.76010,-130.03160,26.72650,-130.07320,5.57,0.0009,0.00501282,0.00015,12,2,3.01,
641,434.0,Manta trawl,SV Magnolia,19,9,2015,0.25,1.27,1.02,26.72550,-130.07640,26.69600,-130.11310,4.90,0.0009,0.0044136,0.00015,13,2,2.6,
642,435.0,Manta trawl,SV Magnolia,19,9,2015,1.33,2.33,1.00,26.68240,-130.13330,26.66470,-130.08740,4.97,0.0009,0.00447048,0.00015,13,3,2.69,
643,436.0,Manta trawl,SV Magnolia,19,9,2015,2.42,3.42,1.00,26.66480,-130.09500,26.62030,-130.06330,5.87,0.0009,0.00527949,0.00015,16,3,3.17,
644,438.0,Manta trawl,SV Magnolia,19,9,2015,16.17,17.17,1.00,26.80580,-130.42000,26.82300,-130.46380,4.75,0.0009,0.00427392,0.00015,16,3,2.57,
645,439.0,Manta trawl,SV Magnolia,19,9,2015,17.27,18.25,0.98,26.82410,-130.46670,26.84420,-130.51430,5.23,0.0009,0.00470259,0.00015,12,2,2.88,
646,440.0,Manta trawl,SV Magnolia,19,9,2015,21.68,22.72,1.03,26.93830,-130.66570,26.97640,-130.72210,7.01,0.0009,0.0063126,0.00015,17,3,3.67,
647,441.0,Manta trawl,SV Magnolia,19,9,2015,22.90,0.25,1.35,26.97930,-130.72550,27.01650,-130.79130,7.72,0.0009,0.00694872,0.00015,17,3,3.09,
648,442.0,Manta trawl,SV Magnolia,20,9,2015,0.42,1.43,1.02,27.02630,-130.79430,27.04280,-130.84570,5.41,0.0009,0.00487026,0.00015,13,3,2.88,
649,443.0,Manta trawl,SV Magnolia,19,9,2015,18.33,19.37,1.03,26.84550,-130.52600,26.87350,-130.56460,4.94,0.0009,0.00444159,0.00015,17,3,2.58,
650,444.0,Manta trawl,SV Magnolia,19,9,2015,19.48,20.48,1.00,26.87830,-130.57050,26.91600,-130.61320,5.96,0.0009,0.00536265,0.00015,17,3,3.22,
651,445.0,Manta trawl,SV Magnolia,19,9,2015,20.55,21.57,1.02,26.90290,-130.61550,26.93560,-130.66290,5.94,0.0009,0.00534771,0.00015,17,3,3.16,
652,446.0,Manta trawl,SV Magnolia,20,9,2015,1.52,2.52,1.00,27.04370,-130.84800,27.07080,-130.90670,6.55,0.0009,0.00589266,0.00015,17,3,3.54,
653,447.0,RGB mosaic,Aircraft C-130 Hercules,2,10,2016,nan,nan,nan,33.49799408,-141.1880803,nan,nan,nan,nan,11.098022,nan,nan,nan,nan,"latitude and longitude shown are from the center of the mosaic, BigBin1"
654,448.0,RGB mosaic,Aircraft C-130 Hercules,2,10,2016,nan,nan,nan,33.49808549,-140.7865538,nan,nan,nan,nan,10.951955,nan,nan,nan,nan,"latitude and longitude shown are from the center of the mosaic, , BigBin2"
655,449.0,RGB mosaic,Aircraft C-130 Hercules,2,10,2016,nan,nan,nan,33.49795999,-140.3813425,nan,nan,nan,nan,10.990132,nan,nan,nan,nan,"latitude and longitude shown are from the center of the mosaic, BigBin3"
656,450.0,RGB mosaic,Aircraft C-130 Hercules,2,10,2016,nan,nan,nan,33.49782254,-139.8681355,nan,nan,nan,nan,10.71912,nan,nan,nan,nan,"latitude and longitude shown are from the center of the mosaic, , BigBin4"
657,451.0,RGB mosaic,Aircraft C-130 Hercules,2,10,2016,nan,nan,nan,33.49772243,-139.4681504,nan,nan,nan,nan,10.754523,nan,nan,nan,nan,"latitude and longitude shown are from the center of the mosaic, BigBin5"
658,452.0,RGB mosaic,Aircraft C-130 Hercules,2,10,2016,nan,nan,nan,33.49785508,-139.0757409,nan,nan,nan,nan,10.529308,nan,nan,nan,nan,"latitude and longitude shown are from the center of the mosaic, BigBin6"
659,453.0,RGB mosaic,Aircraft C-130 Hercules,2,10,2016,nan,nan,nan,33.49731449,-138.6496094,nan,nan,nan,nan,10.626531,nan,nan,nan,nan,"latitude and longitude shown are from the center of the mosaic, BigBin7"
660,454.0,RGB mosaic,Aircraft C-130 Hercules,2,10,2016,nan,nan,nan,33.49819128,-138.2703464,nan,nan,nan,nan,10.792321,nan,nan,nan,nan,"latitude and longitude shown are from the center of the mosaic, BigBin8"
661,455.0,RGB mosaic,Aircraft C-130 Hercules,2,10,2016,nan,nan,nan,33.49714847,-137.8789428,nan,nan,nan,nan,10.368518,nan,nan,nan,nan,"latitude and longitude shown are from the center of the mosaic, BigBin9"
662,456.0,RGB mosaic,Aircraft C-130 Hercules,2,10,2016,nan,nan,nan,33.49815916,-137.3529596,nan,nan,nan,nan,10.645233,nan,nan,nan,nan,"latitude and longitude shown are from the center of the mosaic, BigBin10"
663,457.0,RGB mosaic,Aircraft C-130 Hercules,2,10,2016,nan,nan,nan,33.49671682,-136.9623122,nan,nan,nan,nan,10.751352,nan,nan,nan,nan,"latitude and longitude shown are from the center of the mosaic, BigBin11"
664,458.0,RGB mosaic,Aircraft C-130 Hercules,2,10,2016,nan,nan,nan,33.49555192,-136.5600457,nan,nan,nan,nan,10.686197,nan,nan,nan,nan,"latitude and longitude shown are from the center of the mosaic, BigBin12"
665,459.0,RGB mosaic,Aircraft C-130 Hercules,2,10,2016,nan,nan,nan,33.49675184,-136.1707262,nan,nan,nan,nan,10.6667,nan,nan,nan,nan,"latitude and longitude shown are from the center of the mosaic, BigBin13"
666,460.0,RGB mosaic,Aircraft C-130 Hercules,2,10,2016,nan,nan,nan,33.49765517,-135.7647745,nan,nan,nan,nan,10.730109,nan,nan,nan,nan,"latitude and longitude shown are from the center of the mosaic, BigBin14"
667,461.0,RGB mosaic,Aircraft C-130 Hercules,2,10,2016,nan,nan,nan,33.49622084,-135.3724492,nan,nan,nan,nan,10.677234,nan,nan,nan,nan,"latitude and longitude shown are from the center of the mosaic, BigBin15"
668,462.0,RGB mosaic,Aircraft C-130 Hercules,2,10,2016,nan,nan,nan,33.49692284,-135.0601644,nan,nan,nan,nan,7.394098,nan,nan,nan,nan,"latitude and longitude shown are from the center of the mosaic, BigBin16"
669,463.0,RGB mosaic,Aircraft C-130 Hercules,6,10,2016,nan,nan,nan,30.23318968,-143.5611729,nan,nan,nan,nan,10.318057,nan,nan,nan,nan,"latitude and longitude shown are from the center of the mosaic, BigBin17"
670,464.0,RGB mosaic,Aircraft C-130 Hercules,6,10,2016,nan,nan,nan,30.38681784,-143.2532282,nan,nan,nan,nan,8.973815,nan,nan,nan,nan,"latitude and longitude shown are from the center of the mosaic, BigBin18"
671,465.0,RGB mosaic,Aircraft C-130 Hercules,6,10,2016,nan,nan,nan,30.58268547,-142.8671268,nan,nan,nan,nan,10.68499,nan,nan,nan,nan,"latitude and longitude shown are from the center of the mosaic, BigBin19"
672,466.0,RGB mosaic,Aircraft C-130 Hercules,6,10,2016,nan,nan,nan,30.74667654,-142.5368304,nan,nan,nan,nan,10.594138,nan,nan,nan,nan,"latitude and longitude shown are from the center of the mosaic, BigBin20"
673,467.0,RGB mosaic,Aircraft C-130 Hercules,6,10,2016,nan,nan,nan,30.90977434,-142.213408,nan,nan,nan,nan,10.593497,nan,nan,nan,nan,"latitude and longitude shown are from the center of the mosaic, BigBin21"
674,468.0,RGB mosaic,Aircraft C-130 Hercules,6,10,2016,nan,nan,nan,31.11562742,-141.8027885,nan,nan,nan,nan,10.560696,nan,nan,nan,nan,"latitude and longitude shown are from the center of the mosaic, BigBin22"
675,469.0,RGB mosaic,Aircraft C-130 Hercules,6,10,2016,nan,nan,nan,31.30275286,-141.4250874,nan,nan,nan,nan,9.088108,nan,nan,nan,nan,"latitude and longitude shown are from the center of the mosaic, BigBin23"
676,470.0,RGB mosaic,Aircraft C-130 Hercules,6,10,2016,nan,nan,nan,31.49799962,-141.0369151,nan,nan,nan,nan,2.958641,nan,nan,nan,nan,"latitude and longitude shown are from the center of the mosaic, BigBin24"
677,471.0,RGB mosaic,Aircraft C-130 Hercules,6,10,2016,nan,nan,nan,31.92996577,-140.1632373,nan,nan,nan,nan,10.460199,nan,nan,nan,nan,"latitude and longitude shown are from the center of the mosaic, BigBin25"
678,472.0,RGB mosaic,Aircraft C-130 Hercules,6,10,2016,nan,nan,nan,32.111467,-139.7963323,nan,nan,nan,nan,10.558738,nan,nan,nan,nan,"latitude and longitude shown are from the center of the mosaic, BigBin26"
679,473.0,RGB mosaic,Aircraft C-130 Hercules,6,10,2016,nan,nan,nan,32.28112714,-139.4525212,nan,nan,nan,nan,10.584839,nan,nan,nan,nan,"latitude and longitude shown are from the center of the mosaic, BigBin27"
680,474.0,RGB mosaic,Aircraft C-130 Hercules,6,10,2016,nan,nan,nan,32.4514417,-139.1051593,nan,nan,nan,nan,10.639472,nan,nan,nan,nan,"latitude and longitude shown are from the center of the mosaic, BigBin28"
681,475.0,RGB mosaic,Aircraft C-130 Hercules,6,10,2016,nan,nan,nan,32.61532021,-138.7708699,nan,nan,nan,nan,10.636605,nan,nan,nan,nan,"latitude and longitude shown are from the center of the mosaic, BigBin29"
682,476.0,RGB mosaic,Aircraft C-130 Hercules,6,10,2016,nan,nan,nan,32.78551367,-138.424217,nan,nan,nan,nan,10.720459,nan,nan,nan,nan,"latitude and longitude shown are from the center of the mosaic, BigBin30"
683,477.0,RGB mosaic,Aircraft C-130 Hercules,6,10,2016,nan,nan,nan,32.91726452,-138.1558311,nan,nan,nan,nan,5.251984,nan,nan,nan,nan,"latitude and longitude shown are from the center of the mosaic, BigBin31"
